ts_utc,elapsed_s,rss_total_kb,rss_n1_kb,rss_n2_kb,rss_n3_kb,heap_used_total_kb,fd_total,fd_n1,fd_n2,fd_n3,threads_total,gc_cycles_total,gc_cumsec_total,commit_p50_us,commit_p99_us,committed,rejected
2026-06-20T22:16:35Z,31,1329584,374428,580572,374584,156729,107,35,37,35,168,4,0.076,2161,94975,12000,0
2026-06-20T22:17:07Z,63,1957008,579880,809720,567408,308365,107,35,37,35,168,9,0.261,2083,4731,12000,0
2026-06-20T22:17:38Z,94,2367040,795956,820112,750972,308416,107,35,37,35,170,14,0.495,2077,3193,12000,0
2026-06-20T22:18:10Z,126,2419336,804652,822604,792080,302246,107,35,37,35,168,21,0.855,2037,3197,12000,0
2026-06-20T22:18:41Z,157,2427852,806892,823264,797696,277698,107,35,37,35,170,28,1.223,2025,3231,12000,0
2026-06-20T22:19:13Z,189,2450268,810744,823948,815576,273666,107,35,37,35,168,36,1.628,2019,3147,12000,0
2026-06-20T22:19:44Z,220,2451744,811128,824284,816332,279817,107,35,37,35,168,43,1.998,2026,3039,12000,0
2026-06-20T22:20:16Z,251,2452200,811460,824296,816444,267541,107,35,37,35,168,49,2.338,2030,3103,12000,0
2026-06-20T22:20:47Z,283,2452840,811468,824324,817048,341283,107,35,37,35,168,56,2.688,2010,3061,12000,0
2026-06-20T22:21:18Z,314,2453616,811480,824740,817396,273703,107,35,37,35,168,62,2.999,2007,3071,12000,0
2026-06-20T22:21:50Z,346,2454352,811676,825088,817588,402741,107,35,37,35,168,70,3.392,2014,3057,12000,0
2026-06-20T22:22:21Z,377,2454396,811692,825116,817588,281917,107,35,37,35,168,77,3.748,2019,2901,12000,0
2026-06-20T22:22:53Z,409,2454896,812176,825128,817592,361797,107,35,37,35,168,83,4.043,2019,3035,12000,0
2026-06-20T22:23:24Z,440,2455180,812188,825156,817836,347463,107,35,37,35,168,90,4.384,2035,3157,12000,0
2026-06-20T22:23:56Z,472,2455296,812188,825156,817952,279880,107,35,37,35,168,96,4.662,2014,3205,12000,0
2026-06-20T22:24:27Z,503,2455976,812768,825252,817956,423248,107,35,37,35,168,104,5.109,2017,3537,12000,0
2026-06-20T22:24:59Z,535,2456224,812836,825252,818136,279888,107,35,37,35,168,111,5.446,2037,3011,12000,0
2026-06-20T22:25:30Z,566,2456272,812836,825268,818168,357715,107,35,37,35,168,117,5.748,2053,3703,12000,0
2026-06-20T22:26:02Z,598,2456408,812940,825300,818168,347482,107,35,37,35,168,124,6.152,2143,9103,12000,0
2026-06-20T22:26:33Z,629,2456860,812976,825388,818496,277852,107,35,37,35,168,130,6.446,2022,3041,12000,0
2026-06-20T22:27:04Z,660,2457200,813220,825400,818580,349533,107,35,37,35,168,138,6.852,2021,3153,12000,0
2026-06-20T22:27:36Z,692,2457236,813220,825400,818616,269662,107,35,37,35,168,146,7.248,2027,3367,12000,0
2026-06-20T22:28:07Z,723,2457580,813220,825744,818616,429407,107,35,37,35,168,151,7.520,2041,3211,12000,0
2026-06-20T22:28:39Z,755,2458028,813224,825808,818996,263522,107,35,37,35,168,159,7.903,2024,3019,12000,0
2026-06-20T22:29:10Z,786,2458296,813248,825812,819236,273783,107,35,37,35,168,165,8.206,2009,3097,12000,0
2026-06-20T22:29:42Z,818,2458328,813256,825816,819256,341383,107,35,37,35,168,172,8.598,2017,3255,12000,0
2026-06-20T22:30:13Z,849,2458476,813276,825828,819372,359821,107,35,37,35,168,180,9.019,2041,3085,12000,0
2026-06-20T22:30:45Z,881,2458580,813276,825832,819472,349582,107,35,37,35,168,186,9.335,2035,3183,12000,0
2026-06-20T22:31:16Z,912,2458684,813276,825908,819500,284048,107,35,37,35,168,193,9.697,2030,3219,12000,0
2026-06-20T22:31:48Z,944,2458804,813284,825928,819592,277922,107,35,37,35,168,199,10.008,2018,3255,12000,0
2026-06-20T22:32:19Z,975,2458940,813288,826056,819596,341415,107,35,37,35,168,207,10.413,2023,3841,12000,0
2026-06-20T22:32:51Z,1007,2459104,813288,826060,819756,267687,107,35,37,35,168,214,10.750,2021,3087,12000,0
2026-06-20T22:33:22Z,1038,2459108,813288,826064,819756,341415,107,35,37,35,168,220,11.038,2027,2987,12000,0
2026-06-20T22:33:54Z,1070,2459116,813288,826072,819756,335273,107,35,37,35,168,227,11.414,2008,2963,12000,0
2026-06-20T22:34:25Z,1101,2459124,813288,826080,819756,275888,107,35,37,35,168,233,11.711,2018,3039,12000,0
2026-06-20T22:34:57Z,1133,2459188,813348,826084,819756,417203,107,35,37,35,168,241,12.126,2021,3257,12000,0
2026-06-20T22:35:28Z,1164,2459332,813348,826164,819820,277945,107,35,37,35,168,248,12.487,2027,3411,12000,0
2026-06-20T22:35:59Z,1195,2459408,813408,826172,819828,349625,107,35,37,35,168,254,12.785,2012,2945,12000,0
2026-06-20T22:36:31Z,1227,2459428,813408,826184,819836,351675,107,35,37,35,168,261,13.162,2007,2943,12000,0
2026-06-20T22:37:02Z,1258,2459428,813408,826184,819836,271803,107,35,37,35,168,267,13.456,2003,2909,12000,0
2026-06-20T22:37:34Z,1290,2459440,813408,826192,819840,415180,107,35,37,35,168,275,13.856,2005,2925,12000,0
2026-06-20T22:38:05Z,1321,2459452,813408,826196,819848,265678,107,35,37,35,168,282,14.187,2010,2945,12000,0
2026-06-20T22:38:37Z,1353,2459452,813408,826196,819848,343503,107,35,37,35,168,288,14.472,2014,2957,12000,0
2026-06-20T22:39:08Z,1384,2459456,813412,826196,819848,333264,107,35,37,35,168,295,14.819,2002,2993,12000,0
2026-06-20T22:39:40Z,1416,2459472,813412,826212,819848,273872,107,35,37,35,168,301,15.108,2001,2869,12000,0
2026-06-20T22:40:11Z,1447,2459472,813412,826212,819848,411088,107,35,37,35,168,309,15.522,1999,3053,12000,0
2026-06-20T22:40:43Z,1479,2459476,813416,826212,819848,267729,107,35,37,35,168,316,15.871,2013,2957,12000,0
2026-06-20T22:41:14Z,1510,2459476,813416,826212,819848,345553,107,35,37,35,168,322,16.172,2025,2891,12000,0
2026-06-20T22:41:45Z,1541,2459476,813416,826212,819848,333265,107,35,37,35,168,329,16.525,2002,3575,12000,0
2026-06-20T22:42:17Z,1573,2459616,813416,826348,819852,273874,107,35,37,35,168,335,16.816,2016,3037,12000,0
2026-06-20T22:42:48Z,1604,2459692,813424,826364,819904,284120,107,35,37,35,168,343,17.227,2031,3265,12000,0
2026-06-20T22:43:20Z,1636,2459692,813424,826364,819904,259544,107,35,37,35,168,351,17.603,2041,3243,12000,0
2026-06-20T22:43:51Z,1667,2459696,813424,826368,819904,394712,107,35,37,35,168,356,17.844,2039,3215,12000,0
2026-06-20T22:44:23Z,1699,2459732,813424,826396,819912,280024,107,35,37,35,168,364,18.243,2022,3115,12000,0
2026-06-20T22:44:54Z,1730,2459732,813424,826396,819912,263640,107,35,37,35,168,369,18.474,2019,3155,12000,0
2026-06-20T22:45:26Z,1762,2459732,813424,826396,819912,349660,107,35,37,35,168,377,18.841,2013,2925,12000,0
2026-06-20T22:45:57Z,1793,2459736,813424,826400,819912,282076,107,35,37,35,168,385,19.215,2013,3099,12000,0
2026-06-20T22:46:29Z,1825,2459776,813424,826436,819916,433632,107,35,37,35,168,390,19.487,2041,3023,12000,0
2026-06-20T22:47:00Z,1856,2460080,813428,826564,820088,273891,107,35,37,35,168,398,19.911,2013,3283,12000,0
2026-06-20T22:47:32Z,1888,2460096,813440,826568,820088,273891,107,35,37,35,168,403,20.149,2000,3103,12000,0
2026-06-20T22:48:03Z,1919,2460096,813440,826568,820088,277971,107,35,37,35,168,411,20.588,2008,2959,12000,0
2026-06-20T22:48:35Z,1951,2460096,813440,826568,820088,284115,107,35,37,35,168,419,20.981,2015,3569,12000,0
2026-06-20T22:49:06Z,1982,2460148,813492,826568,820088,419289,107,35,37,35,168,424,21.259,2026,2953,12000,0
2026-06-20T22:49:37Z,2013,2460704,813948,826568,820188,273849,107,35,37,35,168,432,21.678,1996,2997,12000,0
2026-06-20T22:50:09Z,2045,2460748,813948,826612,820188,269753,107,35,37,35,168,437,21.927,2005,3123,12000,0
2026-06-20T22:50:40Z,2076,2460832,814032,826612,820188,339385,107,35,37,35,168,445,22.341,2011,3007,12000,0
2026-06-20T22:51:12Z,2108,2460964,814036,826720,820208,280012,107,35,37,35,168,453,22.736,2032,3155,12000,0
2026-06-20T22:51:43Z,2139,2460964,814036,826720,820208,409036,107,35,37,35,168,458,23.000,2025,3081,12000,0
2026-06-20T22:52:15Z,2171,2461028,814036,826784,820208,277959,107,35,37,35,168,466,23.419,2022,3151,12000,0
2026-06-20T22:52:46Z,2202,2461032,814036,826788,820208,273863,107,35,37,35,168,471,23.671,2012,2987,12000,0
2026-06-20T22:53:18Z,2234,2461124,814128,826788,820208,343514,107,35,37,35,168,479,24.080,2008,3011,12000,0
2026-06-20T22:53:49Z,2265,2461188,814128,826852,820208,261595,107,35,37,35,168,487,24.471,2018,2871,12000,0
2026-06-20T22:54:21Z,2297,2461188,814128,826852,820208,409052,107,35,37,35,168,492,24.698,2034,3093,12000,0
2026-06-20T22:54:52Z,2328,2461224,814140,826876,820208,271836,107,35,37,35,168,500,25.117,2001,3319,12000,0
2026-06-20T22:55:24Z,2360,2461272,814140,826924,820208,277980,107,35,37,35,168,505,25.341,2012,2911,12000,0
2026-06-20T22:55:55Z,2391,2461340,814140,826924,820276,269788,107,35,37,35,168,513,25.741,2016,3139,12000,0
2026-06-20T22:56:27Z,2423,2461392,814140,826944,820308,269788,107,35,37,35,168,521,26.119,2017,3213,12000,0
2026-06-20T22:56:58Z,2454,2461392,814140,826944,820308,423388,107,35,37,35,168,526,26.378,2019,3253,12000,0
2026-06-20T22:57:30Z,2486,2461396,814140,826948,820308,275932,107,35,37,35,168,534,26.790,2026,3039,12000,0
2026-06-20T22:58:01Z,2517,2461404,814148,826948,820308,267740,107,35,37,35,168,539,27.018,2016,3001,12000,0
2026-06-20T22:58:32Z,2548,2461468,814212,826948,820308,343519,107,35,37,35,168,547,27.431,2002,3039,12000,0
2026-06-20T22:59:04Z,2580,2461532,814212,826948,820372,267748,107,35,37,35,168,555,27.811,2015,2969,12000,0
2026-06-20T22:59:35Z,2611,2461536,814216,826948,820372,343525,107,35,37,35,168,560,28.084,2014,2963,12000,0
2026-06-20T23:00:07Z,2643,2461580,814216,826992,820372,273895,107,35,37,35,168,568,28.470,2007,2813,12000,0
2026-06-20T23:00:38Z,2674,2461644,814228,826996,820420,267772,107,35,37,35,168,574,28.799,2001,3007,12000,0
2026-06-20T23:01:10Z,2706,2461672,814256,826996,820420,271868,107,35,37,35,168,581,29.172,2105,3457,12000,0
2026-06-20T23:01:41Z,2737,2461676,814256,826996,820424,353789,107,35,37,35,168,589,29.631,2851,5499,12000,0
2026-06-20T23:02:13Z,2769,2461760,814284,827016,820460,337425,107,35,37,35,168,595,29.977,2679,5327,12000,0
2026-06-20T23:02:45Z,2801,2462228,814288,827480,820460,282129,107,35,37,35,168,602,30.397,2985,5919,12000,0
2026-06-20T23:03:16Z,2832,2462276,814316,827480,820480,275986,107,35,37,35,168,608,30.759,2647,5495,12000,0
2026-06-20T23:03:48Z,2864,2462280,814320,827480,820480,351762,107,35,37,35,168,615,31.143,2667,5067,12000,0
2026-06-20T23:04:19Z,2895,2462332,814372,827480,820480,343570,107,35,37,35,168,623,31.583,2647,4947,12000,0
2026-06-20T23:04:51Z,2927,2462364,814404,827480,820480,349714,107,35,37,35,168,629,31.874,2565,4511,12000,0
2026-06-20T23:05:22Z,2958,2462380,814412,827488,820480,265746,107,35,37,35,168,636,32.267,2619,4947,12000,0
2026-06-20T23:05:54Z,2990,2462460,814412,827568,820480,263698,107,35,37,35,168,642,32.572,2605,4903,12000,0
2026-06-20T23:06:25Z,3021,2462464,814416,827568,820480,341523,107,35,37,35,168,649,32.926,2549,5215,12000,0
2026-06-20T23:06:57Z,3053,2462516,814468,827568,820480,335379,107,35,37,35,168,657,33.342,2557,4703,12000,0
2026-06-20T23:07:28Z,3084,2462516,814468,827568,820480,343571,107,35,37,35,168,663,33.676,2537,5091,12000,0
2026-06-20T23:08:00Z,3116,2462524,814468,827568,820488,273939,107,35,37,35,168,670,34.051,2489,4563,12000,0
2026-06-20T23:08:31Z,3147,2462524,814468,827568,820488,257555,107,35,37,35,168,676,34.363,2455,4419,12000,0
2026-06-20T23:09:03Z,3179,2462524,814468,827568,820488,263700,107,35,37,35,168,683,34.744,2459,4539,12000,0
2026-06-20T23:09:34Z,3210,2462524,814468,827568,820488,339476,107,35,37,35,168,691,35.137,2401,4275,12000,0
2026-06-20T23:10:06Z,3242,2462584,814468,827628,820488,337430,107,35,37,35,168,697,35.438,2451,4715,12000,0
2026-06-20T23:10:37Z,3273,2462584,814468,827628,820488,263702,107,35,37,35,168,704,35.803,2455,4587,12000,0
2026-06-20T23:11:09Z,3305,2462584,814468,827628,820488,275990,107,35,37,35,168,710,36.132,2423,4851,12000,0
2026-06-20T23:11:41Z,3337,2462600,814480,827628,820492,335383,107,35,37,35,168,717,36.518,2119,4107,12000,0
2026-06-20T23:12:12Z,3368,2462628,814480,827628,820520,290329,107,35,37,35,168,725,36.967,2065,3705,12000,0
2026-06-20T23:12:44Z,3400,2462700,814480,827628,820592,345625,107,35,37,35,168,731,37.310,2069,3505,12000,0
2026-06-20T23:13:15Z,3431,2462708,814484,827628,820596,269851,107,35,37,35,168,738,37.648,2067,3265,12000,0
2026-06-20T23:13:47Z,3463,2462712,814484,827628,820600,265756,107,35,37,35,168,744,37.960,2067,3449,12000,0
2026-06-20T23:14:18Z,3494,2462780,814484,827632,820664,419358,107,35,37,35,168,752,38.372,2075,3477,12000,0
2026-06-20T23:14:50Z,3526,2462780,814484,827632,820664,267807,107,35,37,35,168,759,38.735,2083,3281,12000,0
2026-06-20T23:15:21Z,3557,2462784,814488,827632,820664,335391,107,35,37,35,168,765,39.036,2069,3869,12000,0
2026-06-20T23:15:53Z,3589,2462784,814488,827632,820664,335392,107,35,37,35,168,772,39.415,2063,3585,12000,0
2026-06-20T23:16:24Z,3620,2462804,814508,827632,820664,269862,107,35,37,35,168,778,39.712,2069,3757,12000,0
2026-06-20T23:16:56Z,3652,2462804,814508,827632,820664,345638,107,35,37,35,168,786,40.109,2047,3197,12000,0
2026-06-20T23:17:27Z,3683,2462828,814532,827632,820664,273974,107,35,37,35,168,793,40.480,2077,3385,12000,0
2026-06-20T23:17:59Z,3715,2462828,814532,827632,820664,337462,107,35,37,35,168,799,40.808,2095,3533,12000,0
2026-06-20T23:18:30Z,3746,2462892,814536,827692,820664,355896,107,35,37,35,168,806,41.226,2531,4991,12000,0
2026-06-20T23:19:02Z,3778,2462892,814536,827692,820664,265786,107,35,37,35,168,812,41.556,2589,5227,12000,0
2026-06-20T23:19:33Z,3809,2462920,814564,827692,820664,403002,107,35,37,35,168,820,41.996,2785,5531,12000,0
2026-06-20T23:20:05Z,3841,2462992,814568,827760,820664,271932,107,35,37,35,168,827,42.375,2513,4699,12000,0
2026-06-20T23:20:37Z,3873,2463012,814588,827760,820664,345660,107,35,37,35,168,833,42.738,2325,4891,12000,0
2026-06-20T23:21:08Z,3904,2463016,814592,827760,820664,337469,107,35,37,35,168,840,43.189,2279,4419,12000,0
2026-06-20T23:21:40Z,3936,2463020,814596,827760,820664,265792,107,35,37,35,168,846,43.541,2335,4835,12000,0
2026-06-20T23:22:11Z,3967,2463024,814600,827760,820664,411202,107,35,37,35,168,854,43.992,2387,4527,12000,0
2026-06-20T23:22:43Z,3999,2463100,814668,827768,820664,274020,107,35,37,35,171,861,44.409,2357,5407,12000,0
2026-06-20T23:23:15Z,4031,2463108,814676,827768,820664,343689,107,35,37,35,168,867,44.757,2309,4679,12000,0
2026-06-20T23:23:46Z,4062,2463108,814676,827768,820664,343690,107,35,37,35,168,874,45.110,2515,4583,12000,0
2026-06-20T23:24:18Z,4094,2463124,814676,827768,820680,267914,107,35,37,35,168,880,45.414,2527,4755,12000,0
2026-06-20T23:24:49Z,4125,2463124,814676,827768,820680,337546,107,35,37,35,168,888,45.810,2547,4715,12000,0
2026-06-20T23:25:21Z,4157,2463124,814676,827768,820680,284298,107,35,37,35,168,895,46.171,2543,4911,12000,0
2026-06-20T23:25:52Z,4188,2463128,814680,827768,820680,358026,107,35,37,35,168,901,46.486,2465,4375,12000,0
2026-06-20T23:26:24Z,4220,2463128,814680,827768,820680,263818,107,35,37,35,168,909,46.905,2429,4515,12000,0
2026-06-20T23:26:55Z,4251,2463128,814680,827768,820680,263818,107,35,37,35,168,914,47.153,2453,4567,12000,0
2026-06-20T23:27:27Z,4283,2463128,814680,827768,820680,343690,107,35,37,35,168,922,47.551,2213,4479,12000,0
2026-06-20T23:27:58Z,4314,2463128,814680,827768,820680,249482,107,35,37,35,168,930,47.957,2061,3527,12000,0
2026-06-20T23:28:29Z,4345,2463128,814680,827768,820680,409226,107,35,37,35,168,935,48.199,2065,3263,12000,0
2026-06-20T23:29:01Z,4377,2463184,814680,827768,820736,263818,107,35,37,35,168,943,48.571,2030,3013,12000,0
2026-06-20T23:29:32Z,4408,2463184,814680,827768,820736,267915,107,35,37,35,168,948,48.802,2023,3043,12000,0
2026-06-20T23:30:04Z,4440,2463184,814680,827768,820736,278155,107,35,37,35,168,956,49.192,2031,3277,12000,0
2026-06-20T23:30:35Z,4471,2463184,814680,827768,820736,274059,107,35,37,35,168,963,49.532,2033,3277,12000,0
2026-06-20T23:31:07Z,4503,2463184,814680,827768,820736,421515,107,35,37,35,168,969,49.878,2049,3369,12000,0
2026-06-20T23:31:38Z,4534,2463248,814680,827768,820800,272011,107,35,37,35,168,977,50.282,2026,3131,12000,0
2026-06-20T23:32:10Z,4566,2463248,814680,827768,820800,276107,107,35,37,35,168,982,50.518,2010,3169,12000,0
2026-06-20T23:32:41Z,4597,2463248,814680,827768,820800,343691,107,35,37,35,168,990,50.966,2012,3155,12000,0
2026-06-20T23:33:13Z,4629,2463248,814680,827768,820800,272011,107,35,37,35,168,998,51.384,2019,2941,12000,0
2026-06-20T23:33:44Z,4660,2463248,814680,827768,820800,413323,107,35,37,35,168,1003,51.668,2031,3391,12000,0
2026-06-20T23:34:16Z,4692,2463372,814680,827892,820800,263819,107,35,37,35,168,1011,52.059,2002,3019,12000,0
2026-06-20T23:34:47Z,4723,2463372,814680,827892,820800,269963,107,35,37,35,168,1016,52.301,2009,2849,12000,0
2026-06-20T23:35:19Z,4755,2463372,814680,827892,820800,263819,107,35,37,35,168,1024,52.695,2011,2989,12000,0
2026-06-20T23:35:50Z,4786,2463372,814680,827892,820800,263819,107,35,37,35,168,1031,53.015,2027,3619,12000,0
2026-06-20T23:36:22Z,4818,2463388,814680,827908,820800,396939,107,35,37,35,168,1037,53.313,2034,3137,12000,0
2026-06-20T23:36:53Z,4849,2463388,814680,827908,820800,269963,107,35,37,35,168,1045,53.691,2014,4715,12000,0
2026-06-20T23:37:25Z,4881,2463392,814680,827912,820800,249483,107,35,37,35,168,1050,53.923,2007,2987,12000,0
2026-06-20T23:37:56Z,4912,2463396,814684,827912,820800,345739,107,35,37,35,168,1058,54.308,2011,2927,12000,0
2026-06-20T23:38:27Z,4943,2463396,814684,827912,820800,329355,107,35,37,35,168,1065,54.642,2016,2939,12000,0
2026-06-20T23:38:59Z,4975,2463408,814684,827924,820800,407179,107,35,37,35,168,1071,54.941,2021,3123,12000,0
2026-06-20T23:39:30Z,5006,2463408,814684,827924,820800,269963,107,35,37,35,168,1079,55.321,2026,3015,12000,0
2026-06-20T23:40:02Z,5038,2463408,814684,827924,820800,272011,107,35,37,35,168,1084,55.587,2004,2873,12000,0
2026-06-20T23:40:33Z,5069,2463704,814684,828220,820800,267915,107,35,37,35,168,1092,55.975,2015,3213,12000,0
2026-06-20T23:41:05Z,5101,2463704,814684,828220,820800,343691,107,35,37,35,168,1099,56.300,2012,2721,12000,0
2026-06-20T23:41:36Z,5132,2463704,814684,828220,820800,421515,107,35,37,35,168,1105,56.612,2030,2927,12000,0
2026-06-20T23:42:08Z,5164,2463704,814684,828220,820800,272011,107,35,37,35,168,1113,57.002,2007,3071,12000,0
2026-06-20T23:42:39Z,5195,2463704,814684,828220,820800,272011,107,35,37,35,168,1118,57.235,2002,2817,12000,0
2026-06-20T23:43:11Z,5227,2463704,814684,828220,820800,339595,107,35,37,35,168,1126,57.674,2009,3041,12000,0
2026-06-20T23:43:42Z,5258,2463704,814684,828220,820800,257675,107,35,37,35,168,1133,58.035,2018,2973,12000,0
2026-06-20T23:44:14Z,5290,2463704,814684,828220,820800,415371,107,35,37,35,168,1139,58.381,2029,3335,12000,0
2026-06-20T23:44:45Z,5321,2463704,814684,828220,820800,261771,107,35,37,35,168,1147,58.768,1995,2987,12000,0
2026-06-20T23:45:17Z,5353,2463704,814684,828220,820800,265867,107,35,37,35,168,1152,59.017,2004,2893,12000,0
2026-06-20T23:45:48Z,5384,2463704,814684,828220,820800,339595,107,35,37,35,168,1160,59.421,2013,3187,12000,0
2026-06-20T23:46:20Z,5416,2463704,814684,828220,820800,327307,107,35,37,35,168,1167,59.752,2021,2989,12000,0
2026-06-20T23:46:51Z,5447,2463708,814684,828220,820804,394892,107,35,37,35,168,1173,60.046,2026,2943,12000,0
2026-06-20T23:47:23Z,5479,2463708,814684,828220,820804,265868,107,35,37,35,168,1181,60.451,2007,3193,12000,0
2026-06-20T23:47:54Z,5510,2463708,814684,828220,820804,261772,107,35,37,35,168,1186,60.688,2005,3129,12000,0
2026-06-20T23:48:26Z,5542,2463708,814684,828220,820804,329356,107,35,37,35,168,1194,61.064,2005,2971,12000,0
2026-06-20T23:48:57Z,5573,2463708,814684,828220,820804,337548,107,35,37,35,168,1201,61.417,2013,2831,12000,0
2026-06-20T23:49:29Z,5605,2463712,814688,828220,820804,403084,107,35,37,35,168,1207,61.715,2029,3263,12000,0
2026-06-20T23:50:00Z,5636,2463716,814688,828220,820808,251533,107,35,37,35,168,1215,62.100,2009,3083,12000,0
2026-06-20T23:50:32Z,5668,2463720,814692,828220,820808,274061,107,35,37,35,168,1220,62.335,1993,3243,12000,0
2026-06-20T23:51:03Z,5699,2463720,814692,828220,820808,263823,107,35,37,35,168,1228,62.716,2013,2889,12000,0
2026-06-20T23:51:34Z,5730,2463724,814696,828220,820808,267921,107,35,37,35,168,1235,63.047,2011,2951,12000,0
2026-06-20T23:52:06Z,5762,2463752,814696,828248,820808,419473,107,35,37,35,168,1241,63.354,2026,2837,12000,0
2026-06-20T23:52:37Z,5793,2463752,814696,828248,820808,272017,107,35,37,35,168,1249,63.749,1998,2997,12000,0
2026-06-20T23:53:09Z,5825,2463752,814696,828248,820808,272017,107,35,37,35,168,1254,63.995,2008,2939,12000,0
2026-06-20T23:53:40Z,5856,2463800,814700,828288,820812,280211,107,35,37,35,168,1262,64.444,2009,3007,12000,0
2026-06-20T23:54:12Z,5888,2463800,814700,828288,820812,280211,107,35,37,35,168,1269,64.801,2009,2919,12000,0
2026-06-20T23:54:43Z,5919,2463800,814700,828288,820812,419475,107,35,37,35,168,1275,65.140,2028,2853,12000,0
2026-06-20T23:55:15Z,5951,2463856,814700,828344,820812,280211,107,35,37,35,168,1283,65.550,2006,3061,12000,0
2026-06-20T23:55:46Z,5982,2463856,814700,828344,820812,269971,107,35,37,35,168,1288,65.804,2000,4087,12000,0
2026-06-20T23:56:18Z,6014,2463856,814700,828344,820812,353942,107,35,37,35,168,1296,66.198,2004,3215,12000,0
2026-06-20T23:56:49Z,6045,2463856,814700,828344,820812,329366,107,35,37,35,168,1303,66.538,2012,2819,12000,0
2026-06-20T23:57:21Z,6077,2463860,814700,828348,820812,405142,107,35,37,35,168,1309,66.851,2030,2975,12000,0
2026-06-20T23:57:52Z,6108,2463860,814700,828348,820812,265878,107,35,37,35,168,1317,67.264,2007,3175,12000,0
2026-06-20T23:58:24Z,6140,2463860,814700,828348,820812,255638,107,35,37,35,168,1322,67.508,2009,3021,12000,0
2026-06-20T23:58:55Z,6171,2463860,814700,828348,820812,263830,107,35,37,35,168,1330,67.879,2012,3477,12000,0
2026-06-20T23:59:27Z,6203,2463864,814704,828348,820812,339606,107,35,37,35,168,1337,68.244,2025,3149,12000,0
2026-06-20T23:59:58Z,6234,2463864,814704,828348,820812,421527,107,35,37,35,168,1343,68.557,2036,3125,12000,0
2026-06-21T00:00:30Z,6266,2463864,814704,828348,820812,257687,107,35,37,35,168,1351,68.948,2032,3437,12000,0
2026-06-21T00:01:01Z,6297,2463864,814704,828348,820812,265879,107,35,37,35,168,1356,69.180,2006,3073,12000,0
2026-06-21T00:01:33Z,6329,2463864,814704,828348,820812,272023,107,35,37,35,168,1364,69.567,2005,3059,12000,0
2026-06-21T00:02:04Z,6360,2463864,814704,828348,820812,337560,107,35,37,35,168,1371,69.923,2012,3001,12000,0
2026-06-21T00:02:36Z,6392,2463864,814704,828348,820812,415384,107,35,37,35,168,1377,70.231,2018,3203,12000,0
2026-06-21T00:03:07Z,6423,2463876,814704,828360,820812,269977,107,35,37,35,168,1385,70.626,2004,2921,12000,0
2026-06-21T00:03:38Z,6454,2463876,814704,828360,820812,276121,107,35,37,35,168,1390,70.860,2006,2903,12000,0
2026-06-21T00:04:10Z,6486,2463908,814704,828360,820844,351899,107,35,37,35,168,1398,71.291,2007,3051,12000,0
2026-06-21T00:04:41Z,6517,2463912,814708,828360,820844,343708,107,35,37,35,168,1405,71.648,2019,2967,12000,0
2026-06-21T00:05:13Z,6549,2463916,814708,828360,820848,417444,107,35,37,35,168,1411,71.989,2026,2919,12000,0
2026-06-21T00:05:44Z,6580,2463916,814708,828360,820848,267940,107,35,37,35,168,1419,72.404,2003,2979,12000,0
2026-06-21T00:06:16Z,6612,2463916,814708,828360,820848,272037,107,35,37,35,168,1424,72.654,1996,2859,12000,0
2026-06-21T00:06:47Z,6643,2463916,814708,828360,820848,333477,107,35,37,35,168,1432,73.044,2015,3039,12000,0
2026-06-21T00:07:19Z,6675,2463916,814708,828360,820848,331432,107,35,37,35,168,1439,73.377,2051,3031,12000,0
2026-06-21T00:07:50Z,6706,2463924,814716,828360,820848,403124,107,35,37,35,168,1445,73.682,2045,3081,12000,0
2026-06-21T00:08:22Z,6738,2463932,814720,828360,820852,265925,107,35,37,35,168,1453,74.097,2033,3209,12000,0
2026-06-21T00:08:53Z,6769,2463932,814720,828360,820852,261829,107,35,37,35,168,1458,74.345,2016,3021,12000,0
2026-06-21T00:09:25Z,6801,2463956,814720,828384,820852,337605,107,35,37,35,168,1466,74.736,2031,3131,12000,0
2026-06-21T00:09:56Z,6832,2463956,814720,828384,820852,347845,107,35,37,35,168,1473,75.086,2028,3105,12000,0
2026-06-21T00:10:28Z,6864,2463956,814720,828384,820852,411333,107,35,37,35,168,1479,75.401,2036,3485,12000,0
2026-06-21T00:10:59Z,6895,2463956,814720,828384,820852,270021,107,35,37,35,168,1487,75.786,2001,2983,12000,0
2026-06-21T00:11:31Z,6927,2463956,814720,828384,820852,272070,107,35,37,35,168,1492,76.029,2011,3043,12000,0
2026-06-21T00:12:02Z,6958,2463960,814724,828384,820852,339654,107,35,37,35,168,1500,76.431,2006,2929,12000,0
2026-06-21T00:12:34Z,6990,2463992,814724,828416,820852,339654,107,35,37,35,168,1507,76.792,2009,2929,12000,0
2026-06-21T00:13:05Z,7021,2464000,814732,828416,820852,421574,107,35,37,35,168,1513,77.126,2028,3051,12000,0
2026-06-21T00:13:37Z,7053,2464000,814732,828416,820852,267974,107,35,37,35,168,1521,77.508,1998,2861,12000,0
2026-06-21T00:14:08Z,7084,2464000,814732,828416,820852,272070,107,35,37,35,168,1526,77.761,2000,2903,12000,0
2026-06-21T00:14:40Z,7116,2464000,814732,828416,820852,270022,107,35,37,35,168,1534,78.173,2007,3083,12000,0
2026-06-21T00:15:11Z,7147,2464000,814732,828416,820852,331462,107,35,37,35,168,1541,78.516,2015,3005,12000,0
2026-06-21T00:15:43Z,7179,2464000,814732,828416,820852,419526,107,35,37,35,168,1547,78.833,2031,3001,12000,0
2026-06-21T00:16:14Z,7210,2464000,814732,828416,820852,272070,107,35,37,35,168,1555,79.247,2007,3113,12000,0
2026-06-21T00:16:46Z,7242,2464000,814732,828416,820852,259782,107,35,37,35,168,1560,79.504,2001,3067,12000,0
2026-06-21T00:17:17Z,7273,2464000,814732,828416,820852,259783,107,35,37,35,168,1568,79.898,2012,3045,12000,0
2026-06-21T00:17:49Z,7305,2464000,814732,828416,820852,333511,107,35,37,35,168,1575,80.224,2022,3065,12000,0
2026-06-21T00:18:20Z,7336,2464000,814732,828416,820852,396999,107,35,37,35,168,1581,80.518,2024,3225,12000,0
2026-06-21T00:18:52Z,7368,2464000,814732,828416,820852,261832,107,35,37,35,168,1589,80.906,1999,3017,12000,0
2026-06-21T00:19:23Z,7399,2464000,814732,828416,820852,267976,107,35,37,35,168,1594,81.139,2001,3393,12000,0
2026-06-21T00:19:55Z,7431,2464072,814732,828488,820852,339656,107,35,37,35,168,1602,81.538,2010,3169,12000,0
2026-06-21T00:20:26Z,7462,2464076,814736,828488,820852,345800,107,35,37,35,168,1609,81.896,2025,3035,12000,0
2026-06-21T00:20:58Z,7494,2464076,814736,828488,820852,401096,107,35,37,35,168,1615,82.190,2031,3157,12000,0
2026-06-21T00:21:29Z,7525,2464076,814736,828488,820852,276168,107,35,37,35,168,1623,82.599,2021,3017,12000,0
2026-06-21T00:22:01Z,7557,2464080,814740,828488,820852,263880,107,35,37,35,168,1628,82.848,2011,3201,12000,0
2026-06-21T00:22:32Z,7588,2464080,814740,828488,820852,349897,107,35,37,35,168,1636,83.225,2009,3147,12000,0
2026-06-21T00:23:04Z,7620,2464080,814740,828488,820852,333513,107,35,37,35,168,1643,83.559,2021,2829,12000,0
2026-06-21T00:23:35Z,7651,2464144,814740,828552,820852,431817,107,35,37,35,168,1649,83.877,2047,3005,12000,0
2026-06-21T00:24:07Z,7683,2464144,814740,828552,820852,263882,107,35,37,35,168,1657,84.264,2024,2975,12000,0
2026-06-21T00:24:38Z,7714,2464152,814748,828552,820852,278224,107,35,37,35,168,1662,84.530,2039,3229,12000,0
2026-06-21T00:25:10Z,7746,2464152,814748,828552,820852,333521,107,35,37,35,168,1670,84.974,2043,3393,12000,0
2026-06-21T00:25:41Z,7777,2464152,814748,828552,820852,343761,107,35,37,35,168,1677,85.313,2046,3467,12000,0
2026-06-21T00:26:13Z,7809,2464224,814752,828620,820852,413398,107,35,37,35,168,1683,85.640,2042,2929,12000,0
2026-06-21T00:26:44Z,7840,2464224,814752,828620,820852,274134,107,35,37,35,168,1691,86.041,2028,3419,12000,0
2026-06-21T00:27:16Z,7872,2464280,814752,828676,820852,267991,107,35,37,35,168,1696,86.305,2017,3021,12000,0
2026-06-21T00:27:47Z,7903,2464288,814760,828676,820852,339677,107,35,37,35,168,1704,86.693,2031,4243,12000,0
2026-06-21T00:28:19Z,7935,2464292,814764,828676,820852,337635,107,35,37,35,168,1711,87.052,2063,8171,12000,0
2026-06-21T00:28:51Z,7967,2464292,814764,828676,820852,405219,107,35,37,35,168,1717,87.385,2049,3193,12000,0
2026-06-21T00:29:22Z,7998,2464312,814772,828688,820852,272105,107,35,37,35,168,1725,87.797,2009,3083,12000,0
2026-06-21T00:29:54Z,8030,2464400,814860,828688,820852,259897,107,35,37,35,169,1730,88.042,2009,2987,12000,0
2026-06-21T00:30:25Z,8061,2464612,815072,828688,820852,354164,107,35,37,35,168,1738,88.452,2011,2941,12000,0
2026-06-21T00:30:57Z,8093,2464612,815072,828688,820852,350068,107,35,37,35,168,1745,88.787,2018,2977,12000,0
2026-06-21T00:31:28Z,8124,2464612,815072,828688,820852,405364,107,35,37,35,168,1751,89.064,2033,2843,12000,0
2026-06-21T00:32:00Z,8156,2464612,815072,828688,820852,262004,107,35,37,35,168,1759,89.441,2010,3107,12000,0
2026-06-21T00:32:31Z,8187,2464612,815072,828688,820852,276340,107,35,37,35,168,1764,89.694,2008,2941,12000,0
2026-06-21T00:33:03Z,8219,2464612,815072,828688,820852,341876,107,35,37,35,168,1772,90.091,2016,3541,12000,0
2026-06-21T00:33:34Z,8250,2464676,815072,828752,820852,345972,107,35,37,35,168,1779,90.429,2021,2883,12000,0
2026-06-21T00:34:06Z,8282,2464740,815072,828816,820852,419700,107,35,37,35,168,1785,90.735,2036,3153,12000,0
2026-06-21T00:34:37Z,8313,2464740,815072,828816,820852,264052,107,35,37,35,168,1793,91.136,2018,3125,12000,0
2026-06-21T00:35:09Z,8345,2464740,815072,828816,820852,272244,107,35,37,35,168,1798,91.382,2020,3223,12000,0
2026-06-21T00:35:40Z,8376,2464740,815072,828816,820852,335732,107,35,37,35,168,1806,91.835,2018,3085,12000,0
2026-06-21T00:36:12Z,8408,2464740,815072,828816,820852,343924,107,35,37,35,168,1813,92.179,2028,3247,12000,0
2026-06-21T00:36:43Z,8439,2464740,815072,828816,820852,409460,107,35,37,35,168,1819,92.488,2038,2947,12000,0
2026-06-21T00:37:15Z,8471,2464740,815072,828816,820852,264052,107,35,37,35,168,1827,92.885,2014,3319,12000,0
2026-06-21T00:37:46Z,8502,2464740,815072,828816,820852,264052,107,35,37,35,168,1832,93.145,2004,3001,12000,0
2026-06-21T00:38:18Z,8534,2464740,815072,828816,820852,343924,107,35,37,35,168,1840,93.552,2003,3059,12000,0
2026-06-21T00:38:49Z,8565,2464740,815072,828816,820852,321396,107,35,37,35,168,1847,93.883,2005,2923,12000,0
2026-06-21T00:39:21Z,8597,2464740,815072,828816,820852,401268,107,35,37,35,168,1853,94.204,2037,3303,12000,0
2026-06-21T00:39:52Z,8628,2464740,815072,828816,820852,264052,107,35,37,35,168,1861,94.576,2004,3087,12000,0
2026-06-21T00:40:24Z,8660,2464776,815108,828816,820852,264052,107,35,37,35,168,1866,94.816,2005,2945,12000,0
2026-06-21T00:40:55Z,8691,2464776,815108,828816,820852,341876,107,35,37,35,168,1874,95.205,2016,3075,12000,0
2026-06-21T00:41:27Z,8723,2464776,815108,828816,820852,343924,107,35,37,35,168,1881,95.551,2023,3187,12000,0
2026-06-21T00:41:58Z,8754,2464776,815108,828816,820852,411508,107,35,37,35,168,1887,95.837,2024,3039,12000,0
2026-06-21T00:42:30Z,8786,2464776,815108,828816,820852,262004,107,35,37,35,168,1895,96.214,2028,3205,12000,0
2026-06-21T00:43:01Z,8817,2464776,815108,828816,820852,268148,107,35,37,35,168,1900,96.460,2009,3321,12000,0
2026-06-21T00:43:33Z,8849,2464780,815108,828820,820852,345972,107,35,37,35,168,1908,96.856,2013,3517,12000,0
2026-06-21T00:44:04Z,8880,2464780,815108,828820,820852,278388,107,35,37,35,168,1915,97.207,2015,2983,12000,0
2026-06-21T00:44:36Z,8912,2464780,815108,828820,820852,409460,107,35,37,35,168,1921,97.540,2026,2981,12000,0
2026-06-21T00:45:07Z,8943,2464780,815108,828820,820852,264052,107,35,37,35,168,1929,97.938,2009,2993,12000,0
2026-06-21T00:45:39Z,8975,2464780,815108,828820,820852,268148,107,35,37,35,168,1934,98.175,2015,3043,12000,0
2026-06-21T00:46:10Z,9006,2464784,815108,828820,820856,290676,107,35,37,35,168,1942,98.611,2016,3195,12000,0
2026-06-21T00:46:42Z,9038,2464784,815108,828820,820856,350068,107,35,37,35,168,1949,98.969,2014,2953,12000,0
2026-06-21T00:47:13Z,9069,2464784,815108,828820,820856,415604,107,35,37,35,168,1955,99.294,2022,3157,12000,0
2026-06-21T00:47:45Z,9101,2464784,815108,828820,820856,264052,107,35,37,35,168,1963,99.713,2008,3039,12000,0
2026-06-21T00:48:16Z,9132,2464848,815108,828884,820856,278388,107,35,37,35,168,1968,99.962,2011,2939,12000,0
2026-06-21T00:48:48Z,9164,2464848,815108,828884,820856,350068,107,35,37,35,168,1976,100.353,1999,3051,12000,0
2026-06-21T00:49:19Z,9195,2464848,815108,828884,820856,327540,107,35,37,35,168,1983,100.696,2014,3059,12000,0
2026-06-21T00:49:51Z,9227,2464848,815108,828884,820856,413556,107,35,37,35,168,1989,100.994,2033,3039,12000,0
2026-06-21T00:50:22Z,9258,2464848,815108,828884,820856,264052,107,35,37,35,168,1996,101.324,2012,3053,12000,0
2026-06-21T00:50:54Z,9290,2464848,815108,828884,820856,264052,107,35,37,35,168,2002,101.629,2012,3069,12000,0
2026-06-21T00:51:25Z,9321,2464848,815108,828884,820856,343924,107,35,37,35,168,2010,102.020,2012,3309,12000,0
2026-06-21T00:51:57Z,9353,2464848,815108,828884,820856,333685,107,35,37,35,168,2017,102.344,2023,3007,12000,0
2026-06-21T00:52:28Z,9384,2464860,815108,828896,820856,401269,107,35,37,35,168,2023,102.623,2028,3071,12000,0
2026-06-21T00:53:00Z,9416,2464860,815108,828896,820856,257909,107,35,37,35,168,2031,102.992,1998,3157,12000,0
2026-06-21T00:53:31Z,9447,2464860,815108,828896,820856,259957,107,35,37,35,168,2036,103.221,2011,3421,12000,0
2026-06-21T00:54:02Z,9478,2464860,815108,828896,820856,339829,107,35,37,35,168,2044,103.609,2012,3211,12000,0
2026-06-21T00:54:34Z,9510,2464860,815108,828896,820856,333685,107,35,37,35,168,2051,103.938,2021,3071,12000,0
2026-06-21T00:55:05Z,9541,2464872,815108,828908,820856,434037,107,35,37,35,168,2057,104.262,2025,3089,12000,0
2026-06-21T00:55:37Z,9573,2464872,815108,828908,820856,266101,107,35,37,35,168,2065,104.647,2001,3025,12000,0
2026-06-21T00:56:08Z,9604,2464872,815108,828908,820856,280437,107,35,37,35,168,2070,104.881,2004,3011,12000,0
2026-06-21T00:56:40Z,9636,2464872,815108,828908,820856,348021,107,35,37,35,168,2078,105.310,2009,3127,12000,0
2026-06-21T00:57:11Z,9667,2464872,815108,828908,820856,333685,107,35,37,35,168,2085,105.662,2010,2829,12000,0
2026-06-21T00:57:43Z,9699,2464872,815108,828908,820856,421749,107,35,37,35,168,2091,105.977,2017,2953,12000,0
2026-06-21T00:58:14Z,9730,2464872,815108,828908,820856,268149,107,35,37,35,168,2098,106.332,2003,2905,12000,0
2026-06-21T00:58:46Z,9762,2464872,815108,828908,820856,262005,107,35,37,35,168,2104,106.633,2003,2811,12000,0
2026-06-21T00:59:17Z,9793,2464872,815108,828908,820856,339829,107,35,37,35,168,2112,107.054,2013,3203,12000,0
2026-06-21T00:59:49Z,9825,2464872,815108,828908,820856,329589,107,35,37,35,168,2119,107.402,2019,2893,12000,0
2026-06-21T01:00:20Z,9856,2464872,815108,828908,820856,401269,107,35,37,35,168,2125,107.721,2029,2997,12000,0
2026-06-21T01:00:52Z,9888,2464872,815108,828908,820856,259957,107,35,37,35,168,2132,108.055,2005,2937,12000,0
2026-06-21T01:01:23Z,9919,2464900,815108,828936,820856,266101,107,35,37,35,168,2138,108.354,2007,2917,12000,0
2026-06-21T01:01:55Z,9951,2464900,815108,828936,820856,352117,107,35,37,35,168,2146,108.758,2007,2971,12000,0
2026-06-21T01:02:26Z,9982,2464900,815108,828936,820856,333685,107,35,37,35,168,2153,109.092,2023,2879,12000,0
2026-06-21T01:02:58Z,10014,2464900,815108,828936,820856,397173,107,35,37,35,168,2159,109.391,2026,3027,12000,0
2026-06-21T01:03:29Z,10045,2464900,815108,828936,820856,266101,107,35,37,35,168,2166,109.718,2037,3087,12000,0
2026-06-21T01:04:01Z,10077,2464900,815108,828936,820856,274293,107,35,37,35,168,2172,110.012,2007,2921,12000,0
2026-06-21T01:04:32Z,10108,2464900,815108,828936,820856,337781,107,35,37,35,168,2180,110.393,2009,3309,12000,0
2026-06-21T01:05:04Z,10140,2464900,815108,828936,820856,337781,107,35,37,35,168,2187,110.728,2023,3201,12000,0
2026-06-21T01:05:35Z,10171,2464900,815108,828936,820856,419701,107,35,37,35,168,2193,111.064,2017,2875,12000,0
2026-06-21T01:06:07Z,10203,2464900,815108,828936,820856,270197,107,35,37,35,168,2201,111.457,2004,2923,12000,0
2026-06-21T01:06:38Z,10234,2464900,815108,828936,820856,264053,107,35,37,35,168,2206,111.710,1998,3117,12000,0
2026-06-21T01:07:10Z,10266,2464900,815108,828936,820856,343925,107,35,37,35,168,2214,112.143,2012,3159,12000,0
2026-06-21T01:07:41Z,10297,2464900,815108,828936,820856,333685,107,35,37,35,168,2221,112.465,2013,2869,12000,0
2026-06-21T01:08:13Z,10329,2464900,815108,828936,820856,343925,107,35,37,35,168,2227,112.774,2025,3207,12000,0
2026-06-21T01:08:44Z,10360,2464932,815108,828968,820856,259957,107,35,37,35,168,2234,113.104,2003,2873,12000,0
2026-06-21T01:09:16Z,10392,2464932,815108,828968,820856,272245,107,35,37,35,168,2241,113.437,2009,3437,12000,0
2026-06-21T01:09:47Z,10423,2464932,815108,828968,820856,343926,107,35,37,35,168,2248,113.769,2007,2927,12000,0
2026-06-21T01:10:19Z,10455,2464932,815108,828968,820856,409462,107,35,37,35,168,2255,114.122,2014,3297,12000,0
2026-06-21T01:10:50Z,10486,2464932,815108,828968,820856,345974,107,35,37,35,168,2261,114.425,2024,2989,12000,0
2026-06-21T01:11:22Z,10518,2464932,815108,828968,820856,257910,107,35,37,35,168,2269,114.820,2004,3065,12000,0
2026-06-21T01:11:53Z,10549,2464936,815108,828972,820856,272246,107,35,37,35,168,2275,115.165,2071,3343,12000,0
2026-06-21T01:12:25Z,10581,2464936,815108,828972,820856,343926,107,35,37,35,168,2282,115.531,2085,4183,12000,0
2026-06-21T01:12:57Z,10613,2464936,815108,828972,820856,411510,107,35,37,35,168,2289,115.886,2113,3957,12000,0
2026-06-21T01:13:28Z,10644,2464936,815108,828972,820856,345974,107,35,37,35,168,2295,116.188,2095,3493,12000,0
2026-06-21T01:14:00Z,10676,2464936,815108,828972,820856,270198,107,35,37,35,168,2302,116.533,2079,3507,12000,0
2026-06-21T01:14:31Z,10707,2465020,815192,828972,820856,264055,107,35,37,35,168,2309,116.866,2061,3471,12000,0
2026-06-21T01:15:03Z,10739,2465020,815192,828972,820856,329591,107,35,37,35,168,2316,117.202,2059,3447,12000,0
2026-06-21T01:15:34Z,10770,2465020,815192,828972,820856,403319,107,35,37,35,168,2323,117.548,2065,3363,12000,0
2026-06-21T01:16:06Z,10802,2465020,815192,828972,820856,354167,107,35,37,35,168,2329,117.886,2121,3573,12000,0
2026-06-21T01:16:37Z,10833,2465020,815192,828972,820856,257911,107,35,37,35,168,2336,118.234,2201,4103,12000,0
2026-06-21T01:17:09Z,10865,2465020,815192,828972,820856,278391,107,35,37,35,168,2343,118.592,2159,4195,12000,0
2026-06-21T01:17:40Z,10896,2465020,815192,828972,820856,345975,107,35,37,35,168,2350,118.971,2107,4415,12000,0
2026-06-21T01:18:12Z,10928,2465020,815192,828972,820856,399223,107,35,37,35,168,2357,119.298,2044,3289,12000,0
2026-06-21T01:18:43Z,10959,2465020,815192,828972,820856,350072,107,35,37,35,168,2363,119.617,2044,3027,12000,0
2026-06-21T01:19:15Z,10991,2465084,815192,829036,820856,278392,107,35,37,35,168,2370,119.975,2036,3179,12000,0
2026-06-21T01:19:46Z,11022,2465084,815192,829036,820856,284536,107,35,37,35,168,2377,120.345,2013,2975,12000,0
2026-06-21T01:20:18Z,11054,2465088,815196,829036,820856,348024,107,35,37,35,168,2384,120.705,2030,3017,12000,0
2026-06-21T01:20:49Z,11085,2465088,815196,829036,820856,413560,107,35,37,35,168,2391,121.045,2023,3029,12000,0
2026-06-21T01:21:21Z,11117,2465100,815196,829048,820856,331640,107,35,37,35,168,2397,121.362,2033,3139,12000,0
2026-06-21T01:21:52Z,11148,2465100,815196,829048,820856,270200,107,35,37,35,168,2404,121.708,2016,3071,12000,0
2026-06-21T01:22:24Z,11180,2465100,815196,829048,820856,264056,107,35,37,35,168,2411,122.077,2018,3493,12000,0
2026-06-21T01:22:55Z,11211,2465100,815196,829048,820856,339832,107,35,37,35,168,2418,122.419,2016,3253,12000,0
2026-06-21T01:23:27Z,11243,2465100,815196,829048,820856,407416,107,35,37,35,168,2425,122.773,2031,3053,12000,0
2026-06-21T01:23:58Z,11274,2465100,815196,829048,820856,329592,107,35,37,35,168,2431,123.064,2028,3215,12000,0
2026-06-21T01:24:30Z,11306,2465100,815196,829048,820856,274296,107,35,37,35,168,2438,123.409,2049,3325,12000,0
2026-06-21T01:25:01Z,11337,2465100,815196,829048,820856,270200,107,35,37,35,168,2445,123.750,2012,3265,12000,0
2026-06-21T01:25:33Z,11369,2465100,815196,829048,820856,345976,107,35,37,35,168,2452,124.077,2020,3113,12000,0
2026-06-21T01:26:04Z,11400,2465100,815196,829048,820856,337784,107,35,37,35,168,2459,124.421,2036,3189,12000,0
2026-06-21T01:26:36Z,11432,2465100,815196,829048,820856,354168,107,35,37,35,168,2466,124.786,2034,3131,12000,0
2026-06-21T01:27:07Z,11463,2465100,815196,829048,820856,286584,107,35,37,35,168,2472,125.090,2019,3201,12000,0
2026-06-21T01:27:39Z,11495,2465100,815196,829048,820856,272248,107,35,37,35,168,2479,125.428,2018,3147,12000,0
2026-06-21T01:28:10Z,11526,2465100,815196,829048,820856,348024,107,35,37,35,168,2487,125.840,2023,3347,12000,0
2026-06-21T01:28:42Z,11558,2465100,815196,829048,820856,341880,107,35,37,35,168,2493,126.147,2031,3027,12000,0
2026-06-21T01:29:13Z,11589,2465100,815196,829048,820856,345976,107,35,37,35,168,2500,126.521,2041,2963,12000,0
2026-06-21T01:29:45Z,11621,2465100,815196,829048,820856,333688,107,35,37,35,168,2506,126.840,2018,3179,12000,0
2026-06-21T01:30:16Z,11652,2465100,815196,829048,820856,276344,107,35,37,35,168,2513,127.179,2025,3115,12000,0
2026-06-21T01:30:48Z,11684,2465100,815196,829048,820856,403320,107,35,37,35,168,2521,127.595,2053,3469,12000,0
2026-06-21T01:31:19Z,11715,2465100,815196,829048,820856,343928,107,35,37,35,168,2527,127.892,2038,3137,12000,0
2026-06-21T01:31:51Z,11747,2465100,815196,829048,820856,350072,107,35,37,35,168,2534,128.246,2041,3263,12000,0
2026-06-21T01:32:22Z,11778,2465100,815196,829048,820856,339832,107,35,37,35,168,2540,128.550,2049,3115,12000,0
2026-06-21T01:32:54Z,11810,2465100,815196,829048,820856,262008,107,35,37,35,168,2547,128.883,2022,3211,12000,0
2026-06-21T01:33:25Z,11841,2465104,815200,829048,820856,419704,107,35,37,35,168,2555,129.289,2022,3161,12000,0
2026-06-21T01:33:57Z,11873,2465104,815200,829048,820856,341880,107,35,37,35,168,2561,129.585,2034,3259,12000,0
2026-06-21T01:34:28Z,11904,2465104,815200,829048,820856,331640,107,35,37,35,168,2568,129.927,2040,3257,12000,0
2026-06-21T01:35:00Z,11936,2465104,815200,829048,820856,343928,107,35,37,35,168,2574,130.245,2022,3057,12000,0
2026-06-21T01:35:31Z,11967,2465104,815200,829048,820856,255864,107,35,37,35,168,2581,130.592,2024,3151,12000,0
2026-06-21T01:36:03Z,11999,2465104,815200,829048,820856,415608,107,35,37,35,168,2589,130.975,2020,3085,12000,0
2026-06-21T01:36:34Z,12030,2465104,815200,829048,820856,339832,107,35,37,35,168,2595,131.270,2037,3023,12000,0
2026-06-21T01:37:06Z,12062,2465104,815200,829048,820856,354168,107,35,37,35,168,2602,131.637,2034,3201,12000,0
2026-06-21T01:37:37Z,12093,2465172,815204,829112,820856,350073,107,35,37,35,168,2608,131.953,2024,3131,12000,0
2026-06-21T01:38:09Z,12125,2465172,815204,829112,820856,262009,107,35,37,35,168,2615,132.286,2015,3229,12000,0
2026-06-21T01:38:40Z,12156,2465172,815204,829112,820856,407417,107,35,37,35,168,2623,132.695,2025,3107,12000,0
2026-06-21T01:39:12Z,12188,2465180,815212,829112,820856,333689,107,35,37,35,168,2629,133.000,2024,3197,12000,0
2026-06-21T01:39:43Z,12219,2465180,815212,829112,820856,348025,107,35,37,35,168,2636,133.363,2031,3181,12000,0
2026-06-21T01:40:15Z,12251,2465180,815212,829112,820856,345977,107,35,37,35,168,2642,133.682,2027,2987,12000,0
2026-06-21T01:40:46Z,12282,2465180,815212,829112,820856,270201,107,35,37,35,168,2649,134.026,2013,3119,12000,0
2026-06-21T01:41:18Z,12314,2465188,815220,829112,820856,409465,107,35,37,35,168,2657,134.423,2017,3155,12000,0
2026-06-21T01:41:49Z,12345,2465188,815220,829112,820856,341881,107,35,37,35,168,2663,134.723,2036,3103,12000,0
2026-06-21T01:42:21Z,12377,2465188,815220,829112,820856,341881,107,35,37,35,168,2670,135.071,2040,3213,12000,0
2026-06-21T01:42:52Z,12408,2465188,815220,829112,820856,345977,107,35,37,35,168,2676,135.361,2034,3145,12000,0
2026-06-21T01:43:24Z,12440,2465188,815220,829112,820856,262009,107,35,37,35,168,2683,135.696,2022,3185,12000,0
2026-06-21T01:43:55Z,12471,2465188,815220,829112,820856,339833,107,35,37,35,168,2691,136.086,2020,3207,12000,0
2026-06-21T01:44:27Z,12503,2465188,815220,829112,820856,268153,107,35,37,35,168,2697,136.375,2026,3021,12000,0
2026-06-21T01:44:58Z,12534,2465232,815220,829112,820900,339833,107,35,37,35,168,2704,136.703,2046,3287,12000,0
2026-06-21T01:45:30Z,12566,2465232,815220,829112,820900,343929,107,35,37,35,168,2710,137.024,2055,3699,12000,0
2026-06-21T01:46:01Z,12597,2465232,815220,829112,820900,253817,107,35,37,35,168,2717,137.374,2051,3321,12000,0
2026-06-21T01:46:33Z,12629,2465232,815220,829112,820900,411513,107,35,37,35,168,2725,137.790,2018,3487,12000,0
2026-06-21T01:47:04Z,12660,2465232,815220,829112,820900,339833,107,35,37,35,168,2731,138.109,2025,3021,12000,0
2026-06-21T01:47:36Z,12692,2465232,815220,829112,820900,339833,107,35,37,35,168,2738,138.447,2033,3077,12000,0
2026-06-21T01:48:07Z,12723,2465240,815220,829120,820900,345977,107,35,37,35,168,2744,138.754,2023,3227,12000,0
2026-06-21T01:48:39Z,12755,2465240,815220,829120,820900,272249,107,35,37,35,168,2751,139.087,2028,2901,12000,0
2026-06-21T01:49:10Z,12786,2465332,815284,829148,820900,411513,107,35,37,35,168,2759,139.511,2012,3297,12000,0
2026-06-21T01:49:42Z,12818,2465332,815284,829148,820900,350073,107,35,37,35,168,2765,139.806,2019,3051,12000,0
2026-06-21T01:50:13Z,12849,2465332,815284,829148,820900,343929,107,35,37,35,168,2772,140.172,2007,3039,12000,0
2026-06-21T01:50:45Z,12881,2465332,815284,829148,820900,348025,107,35,37,35,168,2778,140.479,2008,3083,12000,0
2026-06-21T01:51:16Z,12912,2465332,815284,829148,820900,280441,107,35,37,35,168,2785,140.818,1992,2991,12000,0
2026-06-21T01:51:48Z,12944,2465332,815284,829148,820900,399225,107,35,37,35,168,2793,141.239,1993,3223,12000,0
2026-06-21T01:52:19Z,12975,2465332,815284,829148,820900,348025,107,35,37,35,168,2799,141.535,2017,3039,12000,0
2026-06-21T01:52:51Z,13007,2465408,815284,829224,820900,350073,107,35,37,35,168,2806,141.890,2015,2911,12000,0
2026-06-21T01:53:22Z,13038,2465408,815284,829224,820900,339833,107,35,37,35,168,2812,142.179,2005,2931,12000,0
2026-06-21T01:53:54Z,13070,2465412,815284,829228,820900,268153,107,35,37,35,168,2819,142.514,1999,3211,12000,0
2026-06-21T01:54:25Z,13101,2465416,815284,829228,820904,419705,107,35,37,35,168,2827,142.917,2003,2929,12000,0
2026-06-21T01:54:57Z,13133,2465416,815284,829228,820904,329593,107,35,37,35,168,2833,143.213,2013,2883,12000,0
2026-06-21T01:55:28Z,13164,2465420,815288,829228,820904,331641,107,35,37,35,168,2840,143.560,2015,2903,12000,0
2026-06-21T01:56:00Z,13196,2465420,815288,829228,820904,339833,107,35,37,35,168,2846,143.863,2012,3033,12000,0
2026-06-21T01:56:31Z,13227,2465420,815288,829228,820904,259961,107,35,37,35,168,2853,144.189,1993,2977,12000,0
2026-06-21T01:57:03Z,13259,2465420,815288,829228,820904,415609,107,35,37,35,168,2861,144.589,2003,3081,12000,0
2026-06-21T01:57:34Z,13290,2465420,815288,829228,820904,268153,107,35,37,35,168,2867,144.890,2021,3049,12000,0
2026-06-21T01:58:06Z,13322,2465420,815288,829228,820904,348025,107,35,37,35,168,2874,145.246,2020,3913,12000,0
2026-06-21T01:58:37Z,13353,2465420,815288,829228,820904,345977,107,35,37,35,168,2880,145.571,2000,3161,12000,0
2026-06-21T01:59:09Z,13385,2465420,815288,829228,820904,274297,107,35,37,35,168,2887,145.914,1999,2879,12000,0
2026-06-21T01:59:40Z,13416,2465420,815288,829228,820904,405369,107,35,37,35,168,2895,146.335,1995,2893,12000,0
2026-06-21T02:00:12Z,13448,2465420,815288,829228,820904,337785,107,35,37,35,168,2901,146.625,2015,2903,12000,0
2026-06-21T02:00:43Z,13479,2465420,815288,829228,820904,341881,107,35,37,35,168,2908,146.964,2024,3045,12000,0
2026-06-21T02:01:15Z,13511,2465420,815288,829228,820904,272249,107,35,37,35,168,2914,147.266,2011,3091,12000,0
2026-06-21T02:01:46Z,13542,2465420,815288,829228,820904,272249,107,35,37,35,168,2921,147.597,2008,2975,12000,0
2026-06-21T02:02:18Z,13574,2465420,815288,829228,820904,333689,107,35,37,35,168,2929,148.000,2011,3109,12000,0
2026-06-21T02:02:49Z,13605,2465420,815288,829228,820904,337785,107,35,37,35,168,2935,148.297,2021,3531,12000,0
2026-06-21T02:03:21Z,13637,2465448,815288,829256,820904,401273,107,35,37,35,168,2942,148.665,2023,3129,12000,0
2026-06-21T02:03:52Z,13668,2465448,815288,829256,820904,257913,107,35,37,35,168,2949,149.008,2008,2999,12000,0
2026-06-21T02:04:24Z,13700,2465448,815288,829256,820904,268153,107,35,37,35,168,2955,149.300,2005,2829,12000,0
2026-06-21T02:04:55Z,13731,2465448,815288,829256,820904,343929,107,35,37,35,168,2963,149.694,2014,3367,12000,0
2026-06-21T02:05:27Z,13763,2465448,815288,829256,820904,339833,107,35,37,35,168,2970,150.031,2045,3127,12000,0
2026-06-21T02:05:58Z,13794,2465448,815288,829256,820904,407417,107,35,37,35,168,2976,150.332,2032,3035,12000,0
2026-06-21T02:06:30Z,13826,2465448,815288,829256,820904,270201,107,35,37,35,168,2983,150.675,2005,2857,12000,0
2026-06-21T02:07:01Z,13857,2465448,815288,829256,820904,264057,107,35,37,35,168,2989,150.948,2004,2893,12000,0
2026-06-21T02:07:33Z,13889,2465448,815288,829256,820904,343929,107,35,37,35,168,2997,151.334,2021,3267,12000,0
2026-06-21T02:08:04Z,13920,2465448,815288,829256,820904,337785,107,35,37,35,168,3004,151.705,2011,3065,12000,0
2026-06-21T02:08:36Z,13952,2465448,815288,829256,820904,409465,107,35,37,35,168,3010,151.995,2018,2907,12000,0
2026-06-21T02:09:07Z,13983,2465448,815288,829256,820904,272249,107,35,37,35,168,3017,152.359,2013,2989,12000,0
2026-06-21T02:09:39Z,14015,2465448,815288,829256,820904,264057,107,35,37,35,168,3023,152.643,2000,3113,12000,0
2026-06-21T02:10:10Z,14046,2465452,815288,829256,820908,339833,107,35,37,35,168,3031,153.074,2010,3151,12000,0
2026-06-21T02:10:42Z,14078,2465452,815288,829256,820908,350073,107,35,37,35,168,3038,153.450,2012,3099,12000,0
2026-06-21T02:11:13Z,14109,2465464,815300,829256,820908,411513,107,35,37,35,168,3044,153.750,2019,2999,12000,0
2026-06-21T02:11:45Z,14141,2465472,815300,829256,820916,274297,107,35,37,35,168,3051,154.094,2018,3131,12000,0
2026-06-21T02:12:16Z,14172,2465472,815300,829256,820916,270201,107,35,37,35,168,3057,154.394,2006,3037,12000,0
2026-06-21T02:12:48Z,14204,2465480,815300,829256,820924,339833,107,35,37,35,168,3065,154.800,2006,3097,12000,0
2026-06-21T02:13:19Z,14235,2465480,815300,829256,820924,348025,107,35,37,35,168,3072,155.134,2020,3223,12000,0
2026-06-21T02:13:51Z,14267,2465480,815300,829256,820924,413561,107,35,37,35,168,3078,155.472,2030,3019,12000,0
2026-06-21T02:14:22Z,14298,2465480,815300,829256,820924,264057,107,35,37,35,168,3085,155.814,2007,3005,12000,0
2026-06-21T02:14:54Z,14330,2465480,815300,829256,820924,272249,107,35,37,35,168,3091,156.121,2014,2977,12000,0
2026-06-21T02:15:25Z,14361,2465560,815300,829256,821004,350073,107,35,37,35,168,3099,156.532,2013,2923,12000,0
2026-06-21T02:15:57Z,14393,2465560,815300,829256,821004,331641,107,35,37,35,168,3106,156.884,2023,3085,12000,0
2026-06-21T02:16:28Z,14424,2465560,815300,829256,821004,403321,107,35,37,35,168,3112,157.187,2027,2901,12000,0
2026-06-21T02:17:00Z,14456,2465560,815300,829256,821004,266105,107,35,37,35,168,3119,157.525,2004,2975,12000,0
2026-06-21T02:17:31Z,14487,2465560,815300,829256,821004,257913,107,35,37,35,168,3125,157.809,2018,2959,12000,0
2026-06-21T02:18:03Z,14519,2465560,815300,829256,821004,345977,107,35,37,35,168,3133,158.204,2005,3083,12000,0
2026-06-21T02:18:34Z,14550,2465560,815300,829256,821004,345977,107,35,37,35,168,3140,158.543,2016,2905,12000,0
2026-06-21T02:19:06Z,14582,2465560,815300,829256,821004,407417,107,35,37,35,168,3146,158.854,2026,3013,12000,0
2026-06-21T02:19:37Z,14613,2465560,815300,829256,821004,262009,107,35,37,35,168,3153,159.187,2017,3249,12000,0
2026-06-21T02:20:09Z,14645,2465560,815300,829256,821004,268153,107,35,37,35,168,3159,159.481,2026,3041,12000,0
2026-06-21T02:20:40Z,14676,2465560,815300,829256,821004,341881,107,35,37,35,168,3167,159.898,2037,3185,12000,0
2026-06-21T02:21:12Z,14708,2465560,815300,829256,821004,341881,107,35,37,35,168,3174,160.254,2028,3225,12000,0
2026-06-21T02:21:43Z,14739,2465560,815300,829256,821004,407417,107,35,37,35,168,3180,160.571,2034,3013,12000,0
2026-06-21T02:22:15Z,14771,2465560,815300,829256,821004,276345,107,35,37,35,168,3187,160.928,2018,3093,12000,0
2026-06-21T02:22:46Z,14802,2465560,815300,829256,821004,286585,107,35,37,35,168,3193,161.220,2019,2889,12000,0
2026-06-21T02:23:18Z,14834,2465560,815300,829256,821004,339833,107,35,37,35,168,3201,161.662,2019,3041,12000,0
2026-06-21T02:23:49Z,14865,2465560,815300,829256,821004,335737,107,35,37,35,168,3208,162.014,2034,3109,12000,0
2026-06-21T02:24:21Z,14897,2465568,815308,829256,821004,415609,107,35,37,35,168,3214,162.371,2035,2997,12000,0
2026-06-21T02:24:52Z,14928,2465568,815308,829256,821004,270201,107,35,37,35,168,3221,162.724,2012,3077,12000,0
2026-06-21T02:25:24Z,14960,2465588,815308,829276,821004,272249,107,35,37,35,168,3227,163.010,2000,2835,12000,0
2026-06-21T02:25:55Z,14991,2465644,815308,829332,821004,343929,107,35,37,35,168,3235,163.401,2009,3819,12000,0
2026-06-21T02:26:27Z,15023,2465644,815308,829332,821004,335737,107,35,37,35,168,3242,163.735,2012,2797,12000,0
2026-06-21T02:26:58Z,15054,2465644,815308,829332,821004,403321,107,35,37,35,168,3248,164.031,2028,2867,12000,0
2026-06-21T02:27:30Z,15086,2465656,815320,829332,821004,268153,107,35,37,35,168,3255,164.382,2009,3077,12000,0
2026-06-21T02:28:01Z,15117,2465656,815320,829332,821004,262009,107,35,37,35,168,3261,164.671,2001,2845,12000,0
2026-06-21T02:28:33Z,15149,2465656,815320,829332,821004,337785,107,35,37,35,168,3269,165.065,2008,3405,12000,0
2026-06-21T02:29:04Z,15180,2465656,815320,829332,821004,343929,107,35,37,35,168,3276,165.413,2021,3171,12000,0
2026-06-21T02:29:36Z,15212,2465656,815320,829332,821004,397177,107,35,37,35,168,3282,165.722,2020,3041,12000,0
2026-06-21T02:30:07Z,15243,2465656,815320,829332,821004,251769,107,35,37,35,168,3289,166.059,2013,3277,12000,0
2026-06-21T02:30:39Z,15275,2465656,815320,829332,821004,272249,107,35,37,35,168,3295,166.356,2023,2907,12000,0
2026-06-21T02:31:10Z,15306,2465660,815320,829336,821004,333698,107,35,37,35,168,3303,166.756,2014,3183,12000,0
2026-06-21T02:31:42Z,15338,2465676,815336,829336,821004,329602,107,35,37,35,168,3308,166.987,2014,3233,12000,0
2026-06-21T02:32:13Z,15369,2465676,815336,829336,821004,421762,107,35,37,35,168,3316,167.405,2020,3089,12000,0
2026-06-21T02:32:45Z,15401,2465676,815336,829336,821004,272258,107,35,37,35,168,3323,167.748,2008,3451,12000,0
2026-06-21T02:33:16Z,15432,2465676,815336,829336,821004,270210,107,35,37,35,168,3329,168.034,2004,3135,12000,0
2026-06-21T02:33:48Z,15464,2465688,815336,829336,821016,339842,107,35,37,35,168,3337,168.450,2005,2999,12000,0
2026-06-21T02:34:19Z,15495,2465688,815336,829336,821016,343938,107,35,37,35,168,3344,168.797,2016,2925,12000,0
2026-06-21T02:34:51Z,15527,2465688,815336,829336,821016,403330,107,35,37,35,168,3350,169.122,2023,2819,12000,0
2026-06-21T02:35:22Z,15558,2465688,815336,829336,821016,270210,107,35,37,35,168,3357,169.475,2014,2971,12000,0
2026-06-21T02:35:54Z,15590,2465688,815336,829336,821016,268162,107,35,37,35,168,3363,169.771,2013,3113,12000,0
2026-06-21T02:36:25Z,15621,2465688,815336,829336,821016,272258,107,35,37,35,168,3371,170.152,2001,2923,12000,0
2026-06-21T02:36:57Z,15653,2465688,815336,829336,821016,333698,107,35,37,35,168,3377,170.443,2008,2777,12000,0
2026-06-21T02:37:28Z,15684,2465688,815336,829336,821016,405378,107,35,37,35,168,3384,170.804,2027,3265,12000,0
2026-06-21T02:38:00Z,15716,2465688,815336,829336,821016,268162,107,35,37,35,168,3391,171.126,2014,2777,12000,0
2026-06-21T02:38:31Z,15747,2465688,815336,829336,821016,268162,107,35,37,35,168,3397,171.421,2025,3433,12000,0
2026-06-21T02:39:03Z,15779,2465688,815336,829336,821016,339842,107,35,37,35,168,3405,171.814,2006,3451,12000,0
2026-06-21T02:39:35Z,15810,2465688,815336,829336,821016,343938,107,35,37,35,168,3412,172.179,2023,3107,12000,0
2026-06-21T02:40:06Z,15842,2465688,815336,829336,821016,411522,107,35,37,35,168,3418,172.477,2021,3203,12000,0
2026-06-21T02:40:37Z,15873,2465688,815336,829336,821016,247682,107,35,37,35,168,3425,172.815,2013,2887,12000,0
2026-06-21T02:41:09Z,15905,2465688,815336,829336,821016,272258,107,35,37,35,168,3431,173.111,2002,2983,12000,0
2026-06-21T02:41:41Z,15937,2465688,815336,829336,821016,341890,107,35,37,35,168,3439,173.503,2011,2971,12000,0
2026-06-21T02:42:12Z,15968,2465688,815336,829336,821016,333698,107,35,37,35,168,3446,173.851,2018,3001,12000,0
2026-06-21T02:42:44Z,16000,2465688,815336,829336,821016,405378,107,35,37,35,168,3452,174.185,2043,3261,12000,0
2026-06-21T02:43:15Z,16031,2465688,815336,829336,821016,268162,107,35,37,35,168,3459,174.538,2010,3161,12000,0
2026-06-21T02:43:47Z,16063,2465688,815336,829336,821016,276354,107,35,37,35,168,3465,174.824,2011,2957,12000,0
2026-06-21T02:44:18Z,16094,2465688,815336,829336,821016,354178,107,35,37,35,168,3473,175.235,2014,3583,12000,0
2026-06-21T02:44:50Z,16126,2465688,815336,829336,821016,339842,107,35,37,35,168,3480,175.575,2001,2981,12000,0
2026-06-21T02:45:21Z,16157,2465688,815336,829336,821016,360322,107,35,37,35,168,3486,175.896,2016,2983,12000,0
2026-06-21T02:45:53Z,16189,2465688,815336,829336,821016,272258,107,35,37,35,168,3493,176.260,2009,3003,12000,0
2026-06-21T02:46:24Z,16220,2465688,815336,829336,821016,341890,107,35,37,35,168,3499,176.572,2009,3065,12000,0
2026-06-21T02:46:56Z,16252,2465688,815336,829336,821016,339842,107,35,37,35,168,3507,176.973,2000,3053,12000,0
2026-06-21T02:47:27Z,16283,2465688,815336,829336,821016,401282,107,35,37,35,168,3513,177.276,2022,2961,12000,0
2026-06-21T02:47:59Z,16315,2465688,815336,829336,821016,339842,107,35,37,35,168,3520,177.629,2017,3215,12000,0
2026-06-21T02:48:30Z,16346,2465688,815336,829336,821016,272258,107,35,37,35,168,3527,177.965,2015,2933,12000,0
2026-06-21T02:49:02Z,16378,2465688,815336,829336,821016,329602,107,35,37,35,168,3533,178.267,2000,3017,12000,0
2026-06-21T02:49:33Z,16409,2465688,815336,829336,821016,341890,107,35,37,35,168,3541,178.662,2001,3157,12000,0
2026-06-21T02:50:05Z,16441,2465688,815336,829336,821016,409474,107,35,37,35,168,3547,178.989,2005,3049,12000,0
2026-06-21T02:50:36Z,16472,2465688,815336,829336,821016,333698,107,35,37,35,168,3554,179.330,2035,3103,12000,0
2026-06-21T02:51:08Z,16504,2465688,815336,829336,821016,272258,107,35,37,35,168,3561,179.662,2011,3211,12000,0
2026-06-21T02:51:39Z,16535,2465688,815336,829336,821016,348034,107,35,37,35,168,3567,179.966,2000,2949,12000,0
2026-06-21T02:52:11Z,16567,2465688,815336,829336,821016,262018,107,35,37,35,168,3575,180.360,2003,3013,12000,0
2026-06-21T02:52:42Z,16598,2465688,815336,829336,821016,411522,107,35,37,35,168,3582,180.708,2011,2935,12000,0
2026-06-21T02:53:14Z,16630,2465688,815336,829336,821016,339842,107,35,37,35,168,3588,181.012,2014,2881,12000,0
2026-06-21T02:53:45Z,16661,2465688,815336,829336,821016,268162,107,35,37,35,168,3595,181.350,2001,2891,12000,0
2026-06-21T02:54:17Z,16693,2465688,815336,829336,821016,331650,107,35,37,35,168,3601,181.644,2003,3149,12000,0
2026-06-21T02:54:48Z,16724,2465688,815336,829336,821016,354178,107,35,37,35,168,3609,182.055,2013,3211,12000,0
2026-06-21T02:55:20Z,16756,2465688,815336,829336,821016,395138,107,35,37,35,168,3615,182.347,2027,3097,12000,0
2026-06-21T02:55:51Z,16787,2465688,815336,829336,821016,345986,107,35,37,35,168,3622,182.690,2021,2995,12000,0
2026-06-21T02:56:23Z,16819,2465688,815336,829336,821016,262018,107,35,37,35,168,3629,183.032,2008,3147,12000,0
2026-06-21T02:56:54Z,16850,2465688,815336,829336,821016,348034,107,35,37,35,168,3635,183.350,1997,3329,12000,0
2026-06-21T02:57:26Z,16882,2465740,815388,829336,821016,343938,107,35,37,35,168,3643,183.741,1994,3067,12000,0
2026-06-21T02:57:57Z,16913,2465740,815388,829336,821016,403330,107,35,37,35,168,3650,184.080,2008,2837,12000,0
2026-06-21T02:58:29Z,16945,2466156,815804,829336,821016,329602,107,35,37,35,168,3656,184.379,2015,3173,12000,0
2026-06-21T02:59:00Z,16976,2466156,815804,829336,821016,280450,107,35,37,35,168,3663,184.723,2017,2965,12000,0
2026-06-21T02:59:32Z,17008,2466156,815804,829336,821016,345986,107,35,37,35,168,3669,185.032,2005,3167,12000,0
2026-06-21T03:00:03Z,17039,2466156,815804,829336,821016,339842,107,35,37,35,168,3677,185.440,2000,3335,12000,0
2026-06-21T03:00:35Z,17071,2466156,815804,829336,821016,409474,107,35,37,35,168,3684,185.777,2013,2951,12000,0
2026-06-21T03:01:06Z,17102,2466208,815856,829336,821016,335746,107,35,37,35,168,3690,186.062,2021,2895,12000,0
2026-06-21T03:01:38Z,17134,2466208,815856,829336,821016,257922,107,35,37,35,168,3697,186.434,2069,3317,12000,0
2026-06-21T03:02:09Z,17165,2466208,815856,829336,821016,259970,107,35,37,35,168,3704,186.781,2032,3441,12000,0
2026-06-21T03:02:41Z,17197,2466208,815856,829336,821016,339842,107,35,37,35,168,3711,187.162,2041,3525,12000,0
2026-06-21T03:03:12Z,17228,2466216,815856,829344,821016,401282,107,35,37,35,168,3718,187.505,2031,3295,12000,0
2026-06-21T03:03:44Z,17260,2466300,815940,829344,821016,358274,107,35,37,35,168,3724,187.827,2057,3263,12000,0
2026-06-21T03:04:15Z,17291,2466300,815940,829344,821016,266114,107,35,37,35,168,3731,188.180,2041,3015,12000,0
2026-06-21T03:04:47Z,17323,2466300,815940,829344,821016,331650,107,35,37,35,168,3737,188.476,2029,3109,12000,0
2026-06-21T03:05:18Z,17354,2466300,815940,829344,821016,343938,107,35,37,35,168,3745,188.895,2028,3163,12000,0
2026-06-21T03:05:50Z,17386,2466300,815940,829344,821016,401282,107,35,37,35,168,3751,189.176,2036,3263,12000,0
2026-06-21T03:06:22Z,17418,2466320,815960,829344,821016,350082,107,35,37,35,168,3758,189.544,2042,3243,12000,0
2026-06-21T03:06:53Z,17449,2466320,815960,829344,821016,266114,107,35,37,35,168,3765,189.881,2030,3219,12000,0
2026-06-21T03:07:25Z,17481,2466320,815960,829344,821016,337794,107,35,37,35,168,3771,190.182,2020,3215,12000,0
2026-06-21T03:07:56Z,17512,2466320,815960,829344,821016,339842,107,35,37,35,168,3779,190.582,2020,3523,12000,0
2026-06-21T03:08:28Z,17544,2466320,815960,829344,821016,411522,107,35,37,35,168,3785,190.895,2032,3063,12000,0
2026-06-21T03:08:59Z,17575,2466328,815960,829352,821016,337794,107,35,37,35,168,3792,191.245,2037,3099,12000,0
2026-06-21T03:09:31Z,17607,2466328,815960,829352,821016,270210,107,35,37,35,168,3799,191.603,2051,3193,12000,0
2026-06-21T03:10:02Z,17638,2466328,815960,829352,821016,339842,107,35,37,35,168,3805,191.896,2029,3305,12000,0
2026-06-21T03:10:34Z,17670,2466328,815960,829352,821016,335746,107,35,37,35,168,3813,192.305,2022,3223,12000,0
2026-06-21T03:11:05Z,17701,2466328,815960,829352,821016,405378,107,35,37,35,168,3819,192.611,2027,3029,12000,0
2026-06-21T03:11:37Z,17733,2466328,815960,829352,821016,335746,107,35,37,35,168,3826,192.955,2045,3119,12000,0
2026-06-21T03:12:08Z,17764,2466328,815960,829352,821016,270210,107,35,37,35,168,3833,193.310,2034,3033,12000,0
2026-06-21T03:12:40Z,17796,2466328,815960,829352,821016,333698,107,35,37,35,168,3839,193.611,2029,3323,12000,0
2026-06-21T03:13:11Z,17827,2466328,815960,829352,821016,343938,107,35,37,35,168,3847,194.004,2020,3427,12000,0
2026-06-21T03:13:43Z,17859,2466328,815960,829352,821016,407426,107,35,37,35,168,3854,194.364,2028,3063,12000,0
2026-06-21T03:14:14Z,17890,2466328,815960,829352,821016,348034,107,35,37,35,168,3860,194.677,2035,3207,12000,0
2026-06-21T03:14:46Z,17922,2466328,815960,829352,821016,278402,107,35,37,35,168,3867,195.018,2013,3005,12000,0
2026-06-21T03:15:17Z,17953,2466328,815960,829352,821016,329602,107,35,37,35,168,3873,195.296,2006,3029,12000,0
2026-06-21T03:15:49Z,17985,2466328,815960,829352,821016,333698,107,35,37,35,168,3881,195.696,2005,3053,12000,0
2026-06-21T03:16:20Z,18016,2466328,815960,829352,821016,401282,107,35,37,35,168,3887,195.990,2019,2939,12000,0
2026-06-21T03:16:52Z,18048,2466332,815964,829352,821016,348034,107,35,37,35,168,3894,196.358,2017,2911,12000,0
2026-06-21T03:17:23Z,18079,2466332,815964,829352,821016,274306,107,35,37,35,168,3901,196.730,2019,2855,12000,0
2026-06-21T03:17:55Z,18111,2466332,815964,829352,821016,333698,107,35,37,35,168,3907,197.014,2003,2947,12000,0
2026-06-21T03:18:26Z,18142,2466332,815964,829352,821016,345986,106,34,37,35,168,3915,197.409,2006,3021,12000,0
2026-06-21T03:18:58Z,18174,2466332,815964,829352,821016,403330,107,35,37,35,168,3921,197.725,2003,2907,12000,0
2026-06-21T03:19:29Z,18205,2466332,815964,829352,821016,341890,107,35,37,35,168,3928,198.074,2024,3057,12000,0
2026-06-21T03:20:01Z,18237,2466332,815964,829352,821016,278402,107,35,37,35,168,3935,198.417,2005,3139,12000,0
2026-06-21T03:20:32Z,18268,2466332,815964,829352,821016,337794,107,35,37,35,168,3941,198.723,2008,2845,12000,0
2026-06-21T03:21:04Z,18300,2466332,815964,829352,821016,329602,107,35,37,35,168,3949,199.112,2011,2997,12000,0
2026-06-21T03:21:35Z,18331,2466332,815964,829352,821016,401282,107,35,37,35,168,3955,199.429,2008,2791,12000,0
2026-06-21T03:22:07Z,18363,2466332,815964,829352,821016,341890,107,35,37,35,168,3962,199.756,2017,2877,12000,0
2026-06-21T03:22:38Z,18394,2466332,815964,829352,821016,270210,107,35,37,35,168,3969,200.099,2011,3023,12000,0
2026-06-21T03:23:10Z,18426,2466332,815964,829352,821016,325506,107,35,37,35,168,3975,200.394,2007,2881,12000,0
2026-06-21T03:23:41Z,18457,2466332,815964,829352,821016,278402,107,35,37,35,168,3982,200.747,1996,2957,12000,0
2026-06-21T03:24:13Z,18489,2466332,815964,829352,821016,399234,107,35,37,35,168,3989,201.091,2005,3045,12000,0
2026-06-21T03:24:44Z,18520,2466332,815964,829352,821016,343938,107,35,37,35,168,3996,201.435,2026,3177,12000,0
2026-06-21T03:25:16Z,18552,2466332,815964,829352,821016,276354,107,35,37,35,168,4003,201.798,2016,3395,12000,0
2026-06-21T03:25:47Z,18583,2466332,815964,829352,821016,335746,107,35,37,35,168,4009,202.094,2008,3291,12000,0
2026-06-21T03:26:19Z,18615,2466388,816020,829352,821016,272258,107,35,37,35,168,4016,202.441,1998,3089,12000,0
2026-06-21T03:26:50Z,18646,2466388,816020,829352,821016,401282,107,35,37,35,168,4023,202.781,2013,3235,12000,0
2026-06-21T03:27:22Z,18678,2466400,816032,829352,821016,348034,107,35,37,35,168,4030,203.137,2027,3023,12000,0
2026-06-21T03:27:53Z,18709,2466400,816032,829352,821016,276354,107,35,37,35,168,4037,203.495,2014,3215,12000,0
2026-06-21T03:28:25Z,18741,2466400,816032,829352,821016,302978,107,35,37,35,168,4043,203.782,2004,2927,12000,0
2026-06-21T03:28:56Z,18772,2466452,816084,829352,821016,280450,107,35,37,35,168,4050,204.137,2006,3037,12000,0
2026-06-21T03:29:28Z,18804,2466452,816084,829352,821016,417666,107,35,37,35,168,4057,204.474,1997,2921,12000,0
2026-06-21T03:29:59Z,18835,2466452,816084,829352,821016,348034,107,35,37,35,168,4064,204.830,2034,3013,12000,0
2026-06-21T03:30:31Z,18867,2466452,816084,829352,821016,270210,107,35,37,35,168,4071,205.182,2032,3077,12000,0
2026-06-21T03:31:02Z,18898,2466452,816084,829352,821016,341890,107,35,37,35,168,4077,205.494,1998,3163,12000,0
2026-06-21T03:31:34Z,18930,2466452,816084,829352,821016,268162,107,35,37,35,168,4084,205.832,2003,3005,12000,0
2026-06-21T03:32:06Z,18962,2466452,816084,829352,821016,411522,107,35,37,35,168,4091,206.179,2012,3161,12000,0
2026-06-21T03:32:37Z,18993,2466456,816084,829356,821016,348034,107,35,37,35,168,4098,206.540,2014,2941,12000,0
2026-06-21T03:33:09Z,19025,2466456,816084,829356,821016,264066,107,35,37,35,168,4105,206.910,2019,3103,12000,0
2026-06-21T03:33:40Z,19056,2466456,816084,829356,821016,337794,107,35,37,35,168,4111,207.210,2005,3119,12000,0
2026-06-21T03:34:12Z,19088,2466456,816084,829356,821016,268162,107,35,37,35,168,4118,207.539,2003,2893,12000,0
2026-06-21T03:34:43Z,19119,2466484,816084,829384,821016,405378,107,35,37,35,168,4125,207.883,2005,3471,12000,0
2026-06-21T03:35:15Z,19151,2466484,816084,829384,821016,350082,107,35,37,35,168,4132,208.215,2018,3067,12000,0
2026-06-21T03:35:46Z,19182,2466484,816084,829384,821016,276354,107,35,37,35,168,4139,208.550,2009,2915,12000,0
2026-06-21T03:36:18Z,19214,2466484,816084,829384,821016,335746,107,35,37,35,168,4145,208.839,2009,2961,12000,0
2026-06-21T03:36:49Z,19245,2466484,816084,829384,821016,268162,107,35,37,35,168,4152,209.166,2007,3099,12000,0
2026-06-21T03:37:21Z,19277,2466484,816084,829384,821016,411522,107,35,37,35,168,4159,209.494,2003,2923,12000,0
2026-06-21T03:37:52Z,19308,2466484,816084,829384,821016,345986,107,35,37,35,168,4166,209.866,2018,3015,12000,0
2026-06-21T03:38:24Z,19340,2466484,816084,829384,821016,280450,107,35,37,35,168,4173,210.207,2012,2967,12000,0
2026-06-21T03:38:55Z,19371,2466484,816084,829384,821016,339842,107,35,37,35,168,4179,210.507,2001,3177,12000,0
2026-06-21T03:39:27Z,19403,2466496,816084,829396,821016,266114,107,35,37,35,168,4186,210.881,2000,2963,12000,0
2026-06-21T03:39:58Z,19434,2466496,816084,829396,821016,348034,107,35,37,35,168,4193,211.235,2012,2967,12000,0
2026-06-21T03:40:30Z,19466,2466496,816084,829396,821016,345986,107,35,37,35,168,4200,211.603,2035,3085,12000,0
2026-06-21T03:41:01Z,19497,2466496,816084,829396,821016,268162,107,35,37,35,168,4207,211.958,2023,3197,12000,0
2026-06-21T03:41:33Z,19529,2466496,816084,829396,821016,335746,107,35,37,35,168,4213,212.270,2007,3109,12000,0
2026-06-21T03:42:04Z,19560,2466512,816084,829412,821016,268162,107,35,37,35,168,4220,212.632,2004,3351,12000,0
2026-06-21T03:42:36Z,19592,2466512,816084,829412,821016,409474,107,35,37,35,168,4227,212.970,2006,3067,12000,0
2026-06-21T03:43:07Z,19623,2466512,816084,829412,821016,339842,107,35,37,35,168,4234,213.345,2025,3203,12000,0
2026-06-21T03:43:39Z,19655,2466512,816084,829412,821016,282498,107,35,37,35,168,4241,213.721,2010,3259,12000,0
2026-06-21T03:44:10Z,19686,2466512,816084,829412,821016,339842,107,35,37,35,168,4247,214.041,2006,3011,12000,0
2026-06-21T03:44:42Z,19718,2466512,816084,829412,821016,272258,107,35,37,35,168,4254,214.393,2005,3059,12000,0
2026-06-21T03:45:13Z,19749,2466528,816084,829428,821016,425858,107,35,37,35,168,4261,214.749,2007,2867,12000,0
2026-06-21T03:45:45Z,19781,2466528,816084,829428,821016,350082,107,35,37,35,168,4268,215.090,2016,2969,12000,0
2026-06-21T03:46:16Z,19812,2466528,816084,829428,821016,274306,107,35,37,35,168,4275,215.431,2016,2943,12000,0
2026-06-21T03:46:48Z,19844,2466528,816084,829428,821016,339842,107,35,37,35,168,4281,215.714,1991,3065,12000,0
2026-06-21T03:47:19Z,19875,2466528,816084,829428,821016,257922,107,35,37,35,168,4288,216.053,1992,2903,12000,0
2026-06-21T03:47:51Z,19907,2466528,816084,829428,821016,401282,107,35,37,35,168,4295,216.385,2005,3199,12000,0
2026-06-21T03:48:22Z,19938,2466676,816232,829428,821016,352130,107,35,37,35,168,4302,216.730,2028,3165,12000,0
2026-06-21T03:48:54Z,19970,2466676,816232,829428,821016,266114,107,35,37,35,168,4309,217.074,2005,2945,12000,0
2026-06-21T03:49:25Z,20001,2466676,816232,829428,821016,335746,107,35,37,35,168,4315,217.361,1998,2801,12000,0
2026-06-21T03:49:57Z,20033,2466676,816232,829428,821016,270210,107,35,37,35,168,4322,217.716,1997,3517,12000,0
2026-06-21T03:50:28Z,20064,2466676,816232,829428,821016,335746,107,35,37,35,168,4329,218.068,2003,3293,12000,0
2026-06-21T03:51:00Z,20096,2466696,816232,829448,821016,350082,107,35,37,35,168,4336,218.417,2016,3185,12000,0
2026-06-21T03:51:31Z,20127,2466696,816232,829448,821016,272258,107,35,37,35,168,4343,218.754,2024,2879,12000,0
2026-06-21T03:52:03Z,20159,2466696,816232,829448,821016,348034,107,35,37,35,168,4349,219.071,2006,3311,12000,0
2026-06-21T03:52:34Z,20190,2466696,816232,829448,821016,268162,107,35,37,35,168,4356,219.449,2001,2941,12000,0
2026-06-21T03:53:06Z,20222,2466696,816232,829448,821016,421762,107,35,37,35,168,4363,219.819,2003,3213,12000,0
2026-06-21T03:53:37Z,20253,2466704,816232,829456,821016,337794,107,35,37,35,168,4370,220.163,2022,2901,12000,0
2026-06-21T03:54:09Z,20285,2466704,816232,829456,821016,264066,107,35,37,35,168,4377,220.517,2009,2807,12000,0
2026-06-21T03:54:41Z,20317,2466704,816232,829456,821016,266114,107,35,37,35,168,4384,220.872,1997,2965,12000,0
2026-06-21T03:55:12Z,20348,2466704,816232,829456,821016,259970,107,35,37,35,168,4390,221.158,2007,2783,12000,0
2026-06-21T03:55:44Z,20380,2466704,816232,829456,821016,259970,107,35,37,35,168,4397,221.515,2008,3219,12000,0
2026-06-21T03:56:15Z,20411,2466704,816232,829456,821016,339842,107,35,37,35,168,4405,221.896,2012,2999,12000,0
2026-06-21T03:56:47Z,20443,2466704,816232,829456,821016,339842,107,35,37,35,168,4411,222.184,2011,3055,12000,0
2026-06-21T03:57:18Z,20474,2466704,816232,829456,821016,280450,107,35,37,35,168,4418,222.531,1995,3377,12000,0
2026-06-21T03:57:50Z,20506,2466704,816232,829456,821016,276354,108,35,38,35,168,4424,222.825,1995,3103,12000,0
2026-06-21T03:58:21Z,20537,2466704,816232,829456,821016,339842,107,35,37,35,168,4431,223.186,2011,3233,12000,0
2026-06-21T03:58:53Z,20569,2466748,816232,829500,821016,333706,107,35,37,35,168,4439,223.583,2026,3065,12000,0
2026-06-21T03:59:24Z,20600,2466748,816232,829500,821016,350090,107,35,37,35,168,4445,223.887,2007,2917,12000,0
2026-06-21T03:59:56Z,20632,2466748,816232,829500,821016,272266,107,35,37,35,168,4452,224.219,1996,2895,12000,0
2026-06-21T04:00:27Z,20663,2466748,816232,829500,821016,266122,107,35,37,35,168,4458,224.537,2004,3041,12000,0
2026-06-21T04:00:59Z,20695,2466748,816232,829500,821016,341898,107,35,37,35,168,4465,224.895,2013,3145,12000,0
2026-06-21T04:01:30Z,20726,2466748,816232,829500,821016,335754,107,35,37,35,168,4473,225.276,2028,3129,12000,0
2026-06-21T04:02:02Z,20758,2466756,816232,829508,821016,329610,107,35,37,35,168,4479,225.566,2017,3833,12000,0
2026-06-21T04:02:33Z,20789,2466756,816232,829508,821016,270218,107,35,37,35,168,4486,225.921,2004,2847,12000,0
2026-06-21T04:03:05Z,20821,2466756,816232,829508,821016,274314,107,35,37,35,168,4492,226.207,1986,3091,12000,0
2026-06-21T04:03:36Z,20852,2466756,816232,829508,821016,339850,107,35,37,35,168,4499,226.530,2014,3629,12000,0
2026-06-21T04:04:08Z,20884,2466756,816232,829508,821016,341898,107,35,37,35,168,4507,226.916,2019,3081,12000,0
2026-06-21T04:04:39Z,20915,2466756,816232,829508,821016,335754,107,35,37,35,168,4513,227.194,2017,2963,12000,0
2026-06-21T04:05:11Z,20947,2466756,816232,829508,821016,262026,107,35,37,35,168,4520,227.534,2001,2991,12000,0
2026-06-21T04:05:42Z,20978,2466756,816232,829508,821016,274314,107,35,37,35,168,4526,227.840,2003,2969,12000,0
2026-06-21T04:06:14Z,21010,2466756,816232,829508,821016,339850,107,35,37,35,168,4533,228.188,2003,3043,12000,0
2026-06-21T04:06:45Z,21041,2466756,816232,829508,821016,337802,107,35,37,35,168,4541,228.561,2019,2965,12000,0
2026-06-21T04:07:17Z,21073,2466756,816232,829508,821016,343946,107,35,37,35,168,4547,228.852,2019,3069,12000,0
2026-06-21T04:07:48Z,21104,2466756,816232,829508,821016,262026,107,35,37,35,168,4554,229.190,1999,3161,12000,0
2026-06-21T04:08:20Z,21136,2466756,816232,829508,821016,270218,107,35,37,35,168,4560,229.471,2002,3247,12000,0
2026-06-21T04:08:51Z,21167,2466756,816232,829508,821016,333706,107,35,37,35,168,4567,229.830,2015,3071,12000,0
2026-06-21T04:09:23Z,21199,2466756,816232,829508,821016,339850,107,35,37,35,168,4575,230.237,2011,3057,12000,0
2026-06-21T04:09:54Z,21230,2466756,816232,829508,821016,300938,107,35,37,35,168,4581,230.549,2015,2973,12000,0
2026-06-21T04:10:26Z,21262,2466756,816232,829508,821016,268170,107,35,37,35,168,4588,230.902,2006,2893,12000,0
2026-06-21T04:10:57Z,21293,2466756,816232,829508,821016,264074,107,35,37,35,168,4594,231.212,2005,2929,12000,0
2026-06-21T04:11:29Z,21325,2466756,816232,829508,821016,333706,107,35,37,35,168,4601,231.549,2019,3277,12000,0
2026-06-21T04:12:01Z,21357,2466756,816232,829508,821016,325514,107,35,37,35,168,4609,231.968,2039,3333,12000,0
2026-06-21T04:12:32Z,21388,2467004,816232,829756,821016,337802,107,35,37,35,168,4615,232.275,2014,3385,12000,0
2026-06-21T04:13:04Z,21420,2467004,816232,829756,821016,253834,107,35,37,35,168,4622,232.614,1996,3365,12000,0
2026-06-21T04:13:35Z,21451,2467004,816232,829756,821016,268170,107,35,37,35,168,4628,232.916,2004,3017,12000,0
2026-06-21T04:14:07Z,21483,2467004,816232,829756,821016,331658,107,35,37,35,168,4635,233.250,2009,3115,12000,0
2026-06-21T04:14:38Z,21514,2467004,816232,829756,821016,337802,107,35,37,35,168,4643,233.652,2013,2877,12000,0
2026-06-21T04:15:10Z,21546,2467004,816232,829756,821016,352138,107,35,37,35,168,4649,233.944,2020,3103,12000,0
2026-06-21T04:15:41Z,21577,2467004,816232,829756,821016,257930,107,35,37,35,168,4656,234.271,2007,2971,12000,0
2026-06-21T04:16:13Z,21609,2467008,816232,829760,821016,264074,107,35,37,35,168,4662,234.573,1999,2945,12000,0
2026-06-21T04:16:44Z,21640,2467008,816232,829760,821016,341898,107,35,37,35,168,4669,234.918,2008,3041,12000,0
2026-06-21T04:17:16Z,21672,2467008,816232,829760,821016,333706,107,35,37,35,168,4677,235.306,2015,3049,12000,0
2026-06-21T04:17:47Z,21703,2467008,816232,829760,821016,335754,107,35,37,35,168,4683,235.621,2020,3277,12000,0
2026-06-21T04:18:19Z,21735,2467008,816232,829760,821016,257930,107,35,37,35,168,4690,235.965,2006,3121,12000,0
2026-06-21T04:18:50Z,21766,2467008,816232,829760,821016,270218,107,35,37,35,168,4696,236.241,1992,3189,12000,0
2026-06-21T04:19:22Z,21798,2467012,816236,829760,821016,339850,107,35,37,35,168,4703,236.609,2002,3105,12000,0
2026-06-21T04:19:53Z,21829,2467012,816236,829760,821016,335754,107,35,37,35,168,4711,236.977,2013,2877,12000,0
2026-06-21T04:20:25Z,21861,2467012,816236,829760,821016,345994,107,35,37,35,168,4717,237.291,2029,3157,12000,0
2026-06-21T04:20:56Z,21892,2467012,816236,829760,821016,264074,107,35,37,35,168,4724,237.653,2004,2859,12000,0
2026-06-21T04:21:28Z,21924,2467020,816236,829768,821016,266122,107,35,37,35,168,4730,237.968,1996,2879,12000,0
2026-06-21T04:21:59Z,21955,2467020,816236,829768,821016,343946,107,35,37,35,168,4737,238.317,2005,3183,12000,0
2026-06-21T04:22:31Z,21987,2467020,816236,829768,821016,327562,107,35,37,35,168,4745,238.723,2017,3207,12000,0
2026-06-21T04:23:02Z,22018,2467020,816236,829768,821016,335754,107,35,37,35,168,4751,239.018,2013,3083,12000,0
2026-06-21T04:23:34Z,22050,2467020,816236,829768,821016,262026,107,35,37,35,168,4758,239.354,2005,3071,12000,0
2026-06-21T04:24:05Z,22081,2467020,816236,829768,821016,259978,107,35,37,35,168,4764,239.665,1999,2955,12000,0
2026-06-21T04:24:37Z,22113,2467024,816236,829768,821020,343946,107,35,37,35,168,4771,239.993,2005,2825,12000,0
2026-06-21T04:25:08Z,22144,2467024,816236,829768,821020,343946,107,35,37,35,168,4779,240.390,2017,3111,12000,0
2026-06-21T04:25:40Z,22176,2467024,816236,829768,821020,333706,107,35,37,35,168,4785,240.692,2015,2969,12000,0
2026-06-21T04:26:12Z,22208,2467024,816236,829768,821020,262026,107,35,37,35,168,4792,241.033,2011,3059,12000,0
2026-06-21T04:26:43Z,22239,2467024,816236,829768,821020,278410,107,35,37,35,168,4798,241.319,1992,2897,12000,0
2026-06-21T04:27:15Z,22271,2467024,816236,829768,821020,331658,107,35,37,35,168,4805,241.676,2008,3093,12000,0
2026-06-21T04:27:46Z,22302,2467024,816236,829768,821020,337802,107,35,37,35,168,4813,242.065,2011,2905,12000,0
2026-06-21T04:28:18Z,22334,2467024,816236,829768,821020,350090,107,35,37,35,168,4819,242.364,2014,3205,12000,0
2026-06-21T04:28:49Z,22365,2467024,816236,829768,821020,266122,107,35,37,35,168,4826,242.707,1993,3081,12000,0
2026-06-21T04:29:21Z,22397,2467068,816236,829812,821020,262026,107,35,37,35,168,4832,242.995,1990,2847,12000,0
2026-06-21T04:29:52Z,22428,2467068,816236,829812,821020,264074,107,35,37,35,168,4839,243.357,2010,2937,12000,0
2026-06-21T04:30:24Z,22460,2467068,816236,829812,821020,343946,107,35,37,35,168,4847,243.742,2018,3021,12000,0
2026-06-21T04:30:55Z,22491,2467068,816236,829812,821020,333706,107,35,37,35,168,4853,244.045,2021,2861,12000,0
2026-06-21T04:31:27Z,22523,2467068,816236,829812,821020,262026,107,35,37,35,168,4860,244.389,2001,3203,12000,0
2026-06-21T04:31:58Z,22554,2467068,816236,829812,821020,257930,107,35,37,35,168,4866,244.679,1994,3023,12000,0
2026-06-21T04:32:30Z,22586,2467068,816236,829812,821020,341898,107,35,37,35,168,4873,245.022,2002,2929,12000,0
2026-06-21T04:33:01Z,22617,2467068,816236,829812,821020,341898,108,35,38,35,168,4881,245.437,2012,3099,12000,0
2026-06-21T04:33:33Z,22649,2467068,816236,829812,821020,333706,107,35,37,35,168,4887,245.735,2030,2929,12000,0
2026-06-21T04:34:04Z,22680,2467068,816236,829812,821020,272266,107,35,37,35,168,4894,246.087,2003,2939,12000,0
2026-06-21T04:34:36Z,22712,2467068,816236,829812,821020,270218,107,35,37,35,168,4900,246.391,1999,2871,12000,0
2026-06-21T04:35:07Z,22743,2467068,816236,829812,821020,341898,107,35,37,35,168,4907,246.732,2004,2967,12000,0
2026-06-21T04:35:39Z,22775,2467080,816236,829824,821020,313226,107,35,37,35,168,4915,247.146,2013,2891,12000,0
2026-06-21T04:36:10Z,22806,2467080,816236,829824,821020,337802,107,35,37,35,168,4921,247.427,2017,3219,12000,0
2026-06-21T04:36:42Z,22838,2467080,816236,829824,821020,266122,107,35,37,35,168,4928,247.764,2008,2969,12000,0
2026-06-21T04:37:13Z,22869,2467080,816236,829824,821020,257930,107,35,37,35,168,4934,248.050,2003,3037,12000,0
2026-06-21T04:37:45Z,22901,2467080,816236,829824,821020,348042,107,35,37,35,168,4941,248.400,2010,3457,12000,0
2026-06-21T04:38:16Z,22932,2467080,816236,829824,821020,335754,107,35,37,35,168,4949,248.792,2010,2897,12000,0
2026-06-21T04:38:48Z,22964,2467080,816236,829824,821020,278410,107,35,37,35,168,4955,249.102,2009,2953,12000,0
2026-06-21T04:39:19Z,22995,2467080,816236,829824,821020,276362,107,35,37,35,168,4962,249.441,2006,2843,12000,0
2026-06-21T04:39:51Z,23027,2467080,816236,829824,821020,259978,107,35,37,35,168,4969,249.766,1993,3079,12000,0
2026-06-21T04:40:22Z,23058,2467128,816236,829828,821064,345994,107,35,37,35,168,4975,250.060,2009,3409,12000,0
2026-06-21T04:40:54Z,23090,2467128,816236,829828,821064,382858,107,35,37,35,168,4983,250.429,2022,3235,12000,0
2026-06-21T04:41:25Z,23121,2467128,816236,829828,821064,264074,107,35,37,35,168,4990,250.780,2012,3317,12000,0
2026-06-21T04:41:57Z,23153,2467128,816236,829828,821064,272266,107,35,37,35,168,4996,251.087,2012,3221,12000,0
