bf49632b6dc91446cd06ae789467e117dba29196	adversarial	3	auth	16000	19	4820	LINEARIZABLE	0
bf49632b6dc91446cd06ae789467e117dba29196	adversarial	3	auth	16001	27	4823	LINEARIZABLE	0
bf49632b6dc91446cd06ae789467e117dba29196	adversarial	3	auth	16002	21	4835	LINEARIZABLE	0
bf49632b6dc91446cd06ae789467e117dba29196	adversarial	3	auth	16003	21	4801	LINEARIZABLE	0
bf49632b6dc91446cd06ae789467e117dba29196	adversarial	3	auth	16004	25	4822	LINEARIZABLE	0
bf49632b6dc91446cd06ae789467e117dba29196	adversarial	3	auth	16005	25	4817	LINEARIZABLE	0
bf49632b6dc91446cd06ae789467e117dba29196	adversarial	3	auth	16006	21	4823	LINEARIZABLE	0
bf49632b6dc91446cd06ae789467e117dba29196	adversarial	3	auth	16007	22	4836	LINEARIZABLE	0
bf49632b6dc91446cd06ae789467e117dba29196	adversarial	3	auth	16008	27	4855	LINEARIZABLE	0
bf49632b6dc91446cd06ae789467e117dba29196	adversarial	3	auth	16009	26	4851	LINEARIZABLE	0
bf49632b6dc91446cd06ae789467e117dba29196	adversarial	3	auth	16010	21	4814	LINEARIZABLE	0
bf49632b6dc91446cd06ae789467e117dba29196	adversarial	3	auth	16011	20	4827	LINEARIZABLE	0
bf49632b6dc91446cd06ae789467e117dba29196	adversarial	3	auth	16012	23	4838	LINEARIZABLE	0
bf49632b6dc91446cd06ae789467e117dba29196	adversarial	3	auth	16013	26	4828	LINEARIZABLE	0
bf49632b6dc91446cd06ae789467e117dba29196	adversarial	3	auth	16014	23	4837	LINEARIZABLE	0
bf49632b6dc91446cd06ae789467e117dba29196	adversarial	3	auth	16015	26	4825	LINEARIZABLE	0
bf49632b6dc91446cd06ae789467e117dba29196	adversarial	3	auth	16016	23	4838	LINEARIZABLE	0
bf49632b6dc91446cd06ae789467e117dba29196	adversarial	3	auth	16017	24	4826	LINEARIZABLE	0
bf49632b6dc91446cd06ae789467e117dba29196	adversarial	3	auth	16018	25	4813	LINEARIZABLE	0
bf49632b6dc91446cd06ae789467e117dba29196	adversarial	3	auth	16019	21	4834	LINEARIZABLE	0
bf49632b6dc91446cd06ae789467e117dba29196	adversarial	3	auth	16020	22	4837	LINEARIZABLE	0
bf49632b6dc91446cd06ae789467e117dba29196	adversarial	3	auth	16021	21	4829	LINEARIZABLE	0
bf49632b6dc91446cd06ae789467e117dba29196	adversarial	3	auth	16022	21	4824	INDETERMINATE	2
bf49632b6dc91446cd06ae789467e117dba29196	adversarial	3	auth	16023	23	4833	LINEARIZABLE	0
bf49632b6dc91446cd06ae789467e117dba29196	adversarial	3	auth	16024	21	4821	LINEARIZABLE	0
bf49632b6dc91446cd06ae789467e117dba29196	adversarial	3	base	8000	21	4839	LINEARIZABLE	0
bf49632b6dc91446cd06ae789467e117dba29196	adversarial	3	base	8001	24	4823	LINEARIZABLE	0
bf49632b6dc91446cd06ae789467e117dba29196	adversarial	3	base	8002	22	4831	LINEARIZABLE	0
bf49632b6dc91446cd06ae789467e117dba29196	adversarial	3	base	8003	25	4838	LINEARIZABLE	0
bf49632b6dc91446cd06ae789467e117dba29196	adversarial	3	base	8004	20	4839	LINEARIZABLE	0
bf49632b6dc91446cd06ae789467e117dba29196	adversarial	3	base	8005	25	4842	LINEARIZABLE	0
bf49632b6dc91446cd06ae789467e117dba29196	adversarial	3	base	8006	24	4850	LINEARIZABLE	0
bf49632b6dc91446cd06ae789467e117dba29196	adversarial	3	base	8007	20	4829	LINEARIZABLE	0
bf49632b6dc91446cd06ae789467e117dba29196	adversarial	3	base	8008	23	4834	LINEARIZABLE	0
bf49632b6dc91446cd06ae789467e117dba29196	adversarial	3	base	8009	19	4844	LINEARIZABLE	0
bf49632b6dc91446cd06ae789467e117dba29196	adversarial	3	base	8010	23	4831	LINEARIZABLE	0
bf49632b6dc91446cd06ae789467e117dba29196	adversarial	3	base	8011	23	4814	LINEARIZABLE	0
bf49632b6dc91446cd06ae789467e117dba29196	adversarial	3	base	8012	25	4822	LINEARIZABLE	0
bf49632b6dc91446cd06ae789467e117dba29196	adversarial	3	base	8013	22	4812	LINEARIZABLE	0
bf49632b6dc91446cd06ae789467e117dba29196	adversarial	3	base	8014	23	4846	LINEARIZABLE	0
bf49632b6dc91446cd06ae789467e117dba29196	adversarial	3	base	8015	23	4824	LINEARIZABLE	0
bf49632b6dc91446cd06ae789467e117dba29196	adversarial	3	base	8016	17	4840	LINEARIZABLE	0
bf49632b6dc91446cd06ae789467e117dba29196	adversarial	3	base	8017	18	4848	LINEARIZABLE	0
bf49632b6dc91446cd06ae789467e117dba29196	adversarial	3	base	8018	23	4819	INDETERMINATE	2
bf49632b6dc91446cd06ae789467e117dba29196	adversarial	3	base	8019	26	4827	LINEARIZABLE	0
bf49632b6dc91446cd06ae789467e117dba29196	adversarial	3	base	8020	23	4834	LINEARIZABLE	0
bf49632b6dc91446cd06ae789467e117dba29196	adversarial	3	base	8021	23	4829	LINEARIZABLE	0
bf49632b6dc91446cd06ae789467e117dba29196	adversarial	3	base	8022	23	4829	LINEARIZABLE	0
bf49632b6dc91446cd06ae789467e117dba29196	adversarial	3	base	8023	19	4828	LINEARIZABLE	0
bf49632b6dc91446cd06ae789467e117dba29196	adversarial	3	base	8024	25	4817	LINEARIZABLE	0
bf49632b6dc91446cd06ae789467e117dba29196	adversarial	3	encrypt	12000	21	4814	LINEARIZABLE	0
bf49632b6dc91446cd06ae789467e117dba29196	adversarial	3	encrypt	12001	26	4838	LINEARIZABLE	0
bf49632b6dc91446cd06ae789467e117dba29196	adversarial	3	encrypt	12002	23	4816	LINEARIZABLE	0
bf49632b6dc91446cd06ae789467e117dba29196	adversarial	3	encrypt	12003	20	4838	LINEARIZABLE	0
bf49632b6dc91446cd06ae789467e117dba29196	adversarial	3	encrypt	12004	22	4821	LINEARIZABLE	0
bf49632b6dc91446cd06ae789467e117dba29196	adversarial	3	encrypt	12005	21	4839	LINEARIZABLE	0
bf49632b6dc91446cd06ae789467e117dba29196	adversarial	3	encrypt	12006	24	4821	LINEARIZABLE	0
bf49632b6dc91446cd06ae789467e117dba29196	adversarial	3	encrypt	12007	18	4833	LINEARIZABLE	0
bf49632b6dc91446cd06ae789467e117dba29196	adversarial	3	encrypt	12008	21	4838	LINEARIZABLE	0
bf49632b6dc91446cd06ae789467e117dba29196	adversarial	3	encrypt	12009	23	4822	LINEARIZABLE	0
bf49632b6dc91446cd06ae789467e117dba29196	adversarial	3	encrypt	12010	25	4816	LINEARIZABLE	0
bf49632b6dc91446cd06ae789467e117dba29196	adversarial	3	encrypt	12011	23	4820	LINEARIZABLE	0
bf49632b6dc91446cd06ae789467e117dba29196	adversarial	3	encrypt	12012	22	4831	LINEARIZABLE	0
bf49632b6dc91446cd06ae789467e117dba29196	adversarial	3	encrypt	12013	24	4826	LINEARIZABLE	0
bf49632b6dc91446cd06ae789467e117dba29196	adversarial	3	encrypt	12014	22	4828	LINEARIZABLE	0
bf49632b6dc91446cd06ae789467e117dba29196	adversarial	3	encrypt	12015	21	4827	LINEARIZABLE	0
bf49632b6dc91446cd06ae789467e117dba29196	adversarial	3	encrypt	12016	27	4831	LINEARIZABLE	0
bf49632b6dc91446cd06ae789467e117dba29196	adversarial	3	encrypt	12017	19	4830	LINEARIZABLE	0
bf49632b6dc91446cd06ae789467e117dba29196	adversarial	3	encrypt	12018	21	4828	LINEARIZABLE	0
bf49632b6dc91446cd06ae789467e117dba29196	adversarial	3	encrypt	12019	21	4828	LINEARIZABLE	0
bf49632b6dc91446cd06ae789467e117dba29196	adversarial	3	encrypt	12020	22	4820	LINEARIZABLE	0
bf49632b6dc91446cd06ae789467e117dba29196	adversarial	3	encrypt	12021	22	4833	LINEARIZABLE	0
bf49632b6dc91446cd06ae789467e117dba29196	adversarial	3	encrypt	12022	23	4821	LINEARIZABLE	0
bf49632b6dc91446cd06ae789467e117dba29196	adversarial	3	encrypt	12023	22	4829	LINEARIZABLE	0
bf49632b6dc91446cd06ae789467e117dba29196	adversarial	3	encrypt	12024	21	4811	LINEARIZABLE	0
bf49632b6dc91446cd06ae789467e117dba29196	adversarial	3	shards	24000	20	4820	LINEARIZABLE	0
bf49632b6dc91446cd06ae789467e117dba29196	adversarial	3	shards	24001	20	4827	LINEARIZABLE	0
bf49632b6dc91446cd06ae789467e117dba29196	adversarial	3	shards	24002	21	4825	LINEARIZABLE	0
bf49632b6dc91446cd06ae789467e117dba29196	adversarial	3	shards	24003	21	4831	LINEARIZABLE	0
bf49632b6dc91446cd06ae789467e117dba29196	adversarial	3	shards	24004	22	4837	LINEARIZABLE	0
bf49632b6dc91446cd06ae789467e117dba29196	adversarial	3	shards	24005	24	4827	LINEARIZABLE	0
bf49632b6dc91446cd06ae789467e117dba29196	adversarial	3	shards	24006	23	4817	LINEARIZABLE	0
bf49632b6dc91446cd06ae789467e117dba29196	adversarial	3	shards	24007	23	4813	LINEARIZABLE	0
bf49632b6dc91446cd06ae789467e117dba29196	adversarial	3	shards	24008	20	4835	LINEARIZABLE	0
bf49632b6dc91446cd06ae789467e117dba29196	adversarial	3	shards	24009	23	4850	LINEARIZABLE	0
bf49632b6dc91446cd06ae789467e117dba29196	adversarial	3	shards	24010	22	4836	LINEARIZABLE	0
bf49632b6dc91446cd06ae789467e117dba29196	adversarial	3	shards	24011	20	4825	LINEARIZABLE	0
bf49632b6dc91446cd06ae789467e117dba29196	adversarial	3	shards	24012	19	4835	LINEARIZABLE	0
bf49632b6dc91446cd06ae789467e117dba29196	adversarial	3	shards	24013	20	4834	LINEARIZABLE	0
bf49632b6dc91446cd06ae789467e117dba29196	adversarial	3	shards	24014	22	4824	LINEARIZABLE	0
bf49632b6dc91446cd06ae789467e117dba29196	adversarial	3	shards	24015	17	4840	LINEARIZABLE	0
bf49632b6dc91446cd06ae789467e117dba29196	adversarial	3	shards	24016	21	4830	LINEARIZABLE	0
bf49632b6dc91446cd06ae789467e117dba29196	adversarial	3	shards	24017	24	4831	NON	1
bf49632b6dc91446cd06ae789467e117dba29196	adversarial	3	shards	24018	21	4835	LINEARIZABLE	0
bf49632b6dc91446cd06ae789467e117dba29196	adversarial	3	shards	24019	23	4833	LINEARIZABLE	0
bf49632b6dc91446cd06ae789467e117dba29196	adversarial	3	shards	24020	23	4841	LINEARIZABLE	0
bf49632b6dc91446cd06ae789467e117dba29196	adversarial	3	shards	24021	23	4844	LINEARIZABLE	0
bf49632b6dc91446cd06ae789467e117dba29196	adversarial	3	shards	24022	24	4823	INDETERMINATE	2
bf49632b6dc91446cd06ae789467e117dba29196	adversarial	3	shards	24023	26	4826	LINEARIZABLE	0
bf49632b6dc91446cd06ae789467e117dba29196	adversarial	3	shards	24024	20	4839	LINEARIZABLE	0
bf49632b6dc91446cd06ae789467e117dba29196	adversarial	3	skew	20000	20	4833	LINEARIZABLE	0
bf49632b6dc91446cd06ae789467e117dba29196	adversarial	3	skew	20001	21	4834	INDETERMINATE	2
bf49632b6dc91446cd06ae789467e117dba29196	adversarial	3	skew	20002	25	4825	INDETERMINATE	2
bf49632b6dc91446cd06ae789467e117dba29196	adversarial	3	skew	20003	21	4825	LINEARIZABLE	0
bf49632b6dc91446cd06ae789467e117dba29196	adversarial	3	skew	20004	21	4835	LINEARIZABLE	0
bf49632b6dc91446cd06ae789467e117dba29196	adversarial	3	skew	20005	20	4820	LINEARIZABLE	0
bf49632b6dc91446cd06ae789467e117dba29196	adversarial	3	skew	20006	24	4832	INDETERMINATE	2
bf49632b6dc91446cd06ae789467e117dba29196	adversarial	3	skew	20007	22	4811	INDETERMINATE	2
bf49632b6dc91446cd06ae789467e117dba29196	adversarial	3	skew	20008	21	4842	LINEARIZABLE	0
bf49632b6dc91446cd06ae789467e117dba29196	adversarial	3	skew	20009	25	4834	LINEARIZABLE	0
bf49632b6dc91446cd06ae789467e117dba29196	adversarial	3	skew	20010	22	4841	LINEARIZABLE	0
bf49632b6dc91446cd06ae789467e117dba29196	adversarial	3	skew	20011	18	4833	LINEARIZABLE	0
bf49632b6dc91446cd06ae789467e117dba29196	adversarial	3	skew	20012	20	4827	INDETERMINATE	2
bf49632b6dc91446cd06ae789467e117dba29196	adversarial	3	skew	20013	23	4836	LINEARIZABLE	0
bf49632b6dc91446cd06ae789467e117dba29196	adversarial	3	skew	20014	21	4829	LINEARIZABLE	0
bf49632b6dc91446cd06ae789467e117dba29196	adversarial	3	skew	20015	22	4841	LINEARIZABLE	0
bf49632b6dc91446cd06ae789467e117dba29196	adversarial	3	skew	20016	21	4837	LINEARIZABLE	0
bf49632b6dc91446cd06ae789467e117dba29196	adversarial	3	skew	20017	22	4824	LINEARIZABLE	0
bf49632b6dc91446cd06ae789467e117dba29196	adversarial	3	skew	20018	20	4828	NON	1
bf49632b6dc91446cd06ae789467e117dba29196	adversarial	3	skew	20019	19	4835	LINEARIZABLE	0
bf49632b6dc91446cd06ae789467e117dba29196	adversarial	3	skew	20020	20	4833	LINEARIZABLE	0
bf49632b6dc91446cd06ae789467e117dba29196	adversarial	3	skew	20021	20	4815	LINEARIZABLE	0
bf49632b6dc91446cd06ae789467e117dba29196	adversarial	3	skew	20022	20	4828	LINEARIZABLE	0
bf49632b6dc91446cd06ae789467e117dba29196	adversarial	3	skew	20023	21	4840	LINEARIZABLE	0
bf49632b6dc91446cd06ae789467e117dba29196	adversarial	3	skew	20024	24	4839	LINEARIZABLE	0
bf49632b6dc91446cd06ae789467e117dba29196	adversarial	5	base	8000	30	4839	LINEARIZABLE	0
bf49632b6dc91446cd06ae789467e117dba29196	adversarial	5	base	8001	30	4823	LINEARIZABLE	0
bf49632b6dc91446cd06ae789467e117dba29196	adversarial	5	base	8002	29	4831	LINEARIZABLE	0
bf49632b6dc91446cd06ae789467e117dba29196	adversarial	5	base	8003	30	4838	LINEARIZABLE	0
bf49632b6dc91446cd06ae789467e117dba29196	adversarial	5	base	8004	27	4839	LINEARIZABLE	0
bf49632b6dc91446cd06ae789467e117dba29196	adversarial	5	base	8005	26	4842	LINEARIZABLE	0
bf49632b6dc91446cd06ae789467e117dba29196	adversarial	5	base	8006	30	4850	LINEARIZABLE	0
bf49632b6dc91446cd06ae789467e117dba29196	adversarial	5	base	8007	32	4829	LINEARIZABLE	0
bf49632b6dc91446cd06ae789467e117dba29196	adversarial	5	base	8008	30	4834	INDETERMINATE	2
bf49632b6dc91446cd06ae789467e117dba29196	adversarial	5	base	8009	32	4844	LINEARIZABLE	0
bf49632b6dc91446cd06ae789467e117dba29196	adversarial	5	base	8010	27	4831	LINEARIZABLE	0
bf49632b6dc91446cd06ae789467e117dba29196	adversarial	5	base	8011	28	4814	LINEARIZABLE	0
bf49632b6dc91446cd06ae789467e117dba29196	adversarial	5	base	8012	27	4822	LINEARIZABLE	0
bf49632b6dc91446cd06ae789467e117dba29196	adversarial	5	base	8013	27	4812	LINEARIZABLE	0
bf49632b6dc91446cd06ae789467e117dba29196	adversarial	5	base	8015	24	4824	LINEARIZABLE	0
bf49632b6dc91446cd06ae789467e117dba29196	sequential	3	base	30000	6	1609	LINEARIZABLE	0
bf49632b6dc91446cd06ae789467e117dba29196	sequential	3	base	30001	5	1604	LINEARIZABLE	0
bf49632b6dc91446cd06ae789467e117dba29196	sequential	3	base	30002	5	1602	LINEARIZABLE	0
bf49632b6dc91446cd06ae789467e117dba29196	sequential	3	base	30003	5	1601	LINEARIZABLE	0
bf49632b6dc91446cd06ae789467e117dba29196	sequential	3	base	30004	6	1605	LINEARIZABLE	0
bf49632b6dc91446cd06ae789467e117dba29196	sequential	3	base	30005	5	1607	LINEARIZABLE	0
bf49632b6dc91446cd06ae789467e117dba29196	sequential	3	base	30006	5	1605	LINEARIZABLE	0
bf49632b6dc91446cd06ae789467e117dba29196	sequential	3	base	30007	6	1599	LINEARIZABLE	0
bf49632b6dc91446cd06ae789467e117dba29196	sequential	3	base	30008	7	1605	LINEARIZABLE	0
bf49632b6dc91446cd06ae789467e117dba29196	sequential	3	base	30009	6	1615	LINEARIZABLE	0
