833be00fdd64b3b05c0a1cb18cda0e8ed7fd97da	adversarial	3	auth	16000	19	4820	LINEARIZABLE	0
833be00fdd64b3b05c0a1cb18cda0e8ed7fd97da	adversarial	3	auth	16001	27	4823	LINEARIZABLE	0
833be00fdd64b3b05c0a1cb18cda0e8ed7fd97da	adversarial	3	auth	16002	21	4835	LINEARIZABLE	0
833be00fdd64b3b05c0a1cb18cda0e8ed7fd97da	adversarial	3	auth	16003	21	4801	LINEARIZABLE	0
833be00fdd64b3b05c0a1cb18cda0e8ed7fd97da	adversarial	3	auth	16004	25	4822	LINEARIZABLE	0
833be00fdd64b3b05c0a1cb18cda0e8ed7fd97da	adversarial	3	auth	16005	24	4817	LINEARIZABLE	0
833be00fdd64b3b05c0a1cb18cda0e8ed7fd97da	adversarial	3	auth	16006	23	4823	LINEARIZABLE	0
833be00fdd64b3b05c0a1cb18cda0e8ed7fd97da	adversarial	3	auth	16007	23	4836	LINEARIZABLE	0
833be00fdd64b3b05c0a1cb18cda0e8ed7fd97da	adversarial	3	auth	16008	27	4855	LINEARIZABLE	0
833be00fdd64b3b05c0a1cb18cda0e8ed7fd97da	adversarial	3	auth	16009	26	4851	LINEARIZABLE	0
833be00fdd64b3b05c0a1cb18cda0e8ed7fd97da	adversarial	3	auth	16010	21	4814	LINEARIZABLE	0
833be00fdd64b3b05c0a1cb18cda0e8ed7fd97da	adversarial	3	auth	16011	20	4827	LINEARIZABLE	0
833be00fdd64b3b05c0a1cb18cda0e8ed7fd97da	adversarial	3	auth	16012	22	4838	LINEARIZABLE	0
833be00fdd64b3b05c0a1cb18cda0e8ed7fd97da	adversarial	3	auth	16013	25	4828	LINEARIZABLE	0
833be00fdd64b3b05c0a1cb18cda0e8ed7fd97da	adversarial	3	auth	16014	23	4837	LINEARIZABLE	0
833be00fdd64b3b05c0a1cb18cda0e8ed7fd97da	adversarial	3	auth	16015	26	4825	LINEARIZABLE	0
833be00fdd64b3b05c0a1cb18cda0e8ed7fd97da	adversarial	3	auth	16016	24	4838	LINEARIZABLE	0
833be00fdd64b3b05c0a1cb18cda0e8ed7fd97da	adversarial	3	auth	16017	24	4826	LINEARIZABLE	0
833be00fdd64b3b05c0a1cb18cda0e8ed7fd97da	adversarial	3	auth	16018	25	4813	LINEARIZABLE	0
833be00fdd64b3b05c0a1cb18cda0e8ed7fd97da	adversarial	3	auth	16019	22	4834	LINEARIZABLE	0
833be00fdd64b3b05c0a1cb18cda0e8ed7fd97da	adversarial	3	auth	16020	22	4837	LINEARIZABLE	0
833be00fdd64b3b05c0a1cb18cda0e8ed7fd97da	adversarial	3	auth	16021	21	4829	LINEARIZABLE	0
833be00fdd64b3b05c0a1cb18cda0e8ed7fd97da	adversarial	3	auth	16022	24	4824	LINEARIZABLE	0
833be00fdd64b3b05c0a1cb18cda0e8ed7fd97da	adversarial	3	auth	16023	23	4833	LINEARIZABLE	0
833be00fdd64b3b05c0a1cb18cda0e8ed7fd97da	adversarial	3	auth	16024	21	4821	LINEARIZABLE	0
833be00fdd64b3b05c0a1cb18cda0e8ed7fd97da	adversarial	3	base	8000	22	4839	LINEARIZABLE	0
833be00fdd64b3b05c0a1cb18cda0e8ed7fd97da	adversarial	3	base	8001	24	4823	LINEARIZABLE	0
833be00fdd64b3b05c0a1cb18cda0e8ed7fd97da	adversarial	3	base	8002	22	4831	LINEARIZABLE	0
833be00fdd64b3b05c0a1cb18cda0e8ed7fd97da	adversarial	3	base	8003	26	4838	LINEARIZABLE	0
833be00fdd64b3b05c0a1cb18cda0e8ed7fd97da	adversarial	3	base	8004	21	4839	LINEARIZABLE	0
833be00fdd64b3b05c0a1cb18cda0e8ed7fd97da	adversarial	3	base	8005	25	4842	LINEARIZABLE	0
833be00fdd64b3b05c0a1cb18cda0e8ed7fd97da	adversarial	3	base	8006	24	4850	LINEARIZABLE	0
833be00fdd64b3b05c0a1cb18cda0e8ed7fd97da	adversarial	3	base	8007	20	4829	LINEARIZABLE	0
833be00fdd64b3b05c0a1cb18cda0e8ed7fd97da	adversarial	3	base	8008	23	4834	LINEARIZABLE	0
833be00fdd64b3b05c0a1cb18cda0e8ed7fd97da	adversarial	3	base	8009	19	4844	LINEARIZABLE	0
833be00fdd64b3b05c0a1cb18cda0e8ed7fd97da	adversarial	3	base	8010	23	4831	LINEARIZABLE	0
833be00fdd64b3b05c0a1cb18cda0e8ed7fd97da	adversarial	3	base	8011	23	4814	LINEARIZABLE	0
833be00fdd64b3b05c0a1cb18cda0e8ed7fd97da	adversarial	3	base	8012	25	4822	LINEARIZABLE	0
833be00fdd64b3b05c0a1cb18cda0e8ed7fd97da	adversarial	3	base	8013	22	4812	LINEARIZABLE	0
833be00fdd64b3b05c0a1cb18cda0e8ed7fd97da	adversarial	3	base	8014	23	4846	LINEARIZABLE	0
833be00fdd64b3b05c0a1cb18cda0e8ed7fd97da	adversarial	3	base	8015	24	4824	LINEARIZABLE	0
833be00fdd64b3b05c0a1cb18cda0e8ed7fd97da	adversarial	3	base	8016	18	4840	LINEARIZABLE	0
833be00fdd64b3b05c0a1cb18cda0e8ed7fd97da	adversarial	3	base	8017	18	4848	LINEARIZABLE	0
833be00fdd64b3b05c0a1cb18cda0e8ed7fd97da	adversarial	3	base	8018	23	4819	LINEARIZABLE	0
833be00fdd64b3b05c0a1cb18cda0e8ed7fd97da	adversarial	3	base	8019	26	4827	LINEARIZABLE	0
833be00fdd64b3b05c0a1cb18cda0e8ed7fd97da	adversarial	3	base	8020	23	4834	LINEARIZABLE	0
833be00fdd64b3b05c0a1cb18cda0e8ed7fd97da	adversarial	3	base	8021	25	4829	LINEARIZABLE	0
833be00fdd64b3b05c0a1cb18cda0e8ed7fd97da	adversarial	3	base	8022	23	4829	LINEARIZABLE	0
833be00fdd64b3b05c0a1cb18cda0e8ed7fd97da	adversarial	3	base	8023	19	4828	LINEARIZABLE	0
833be00fdd64b3b05c0a1cb18cda0e8ed7fd97da	adversarial	3	base	8024	25	4817	LINEARIZABLE	0
833be00fdd64b3b05c0a1cb18cda0e8ed7fd97da	adversarial	3	encrypt	12000	20	4814	LINEARIZABLE	0
833be00fdd64b3b05c0a1cb18cda0e8ed7fd97da	adversarial	3	encrypt	12001	26	4838	LINEARIZABLE	0
833be00fdd64b3b05c0a1cb18cda0e8ed7fd97da	adversarial	3	encrypt	12002	24	4816	LINEARIZABLE	0
833be00fdd64b3b05c0a1cb18cda0e8ed7fd97da	adversarial	3	encrypt	12003	20	4838	LINEARIZABLE	0
833be00fdd64b3b05c0a1cb18cda0e8ed7fd97da	adversarial	3	encrypt	12004	21	4821	LINEARIZABLE	0
833be00fdd64b3b05c0a1cb18cda0e8ed7fd97da	adversarial	3	encrypt	12005	20	4839	LINEARIZABLE	0
833be00fdd64b3b05c0a1cb18cda0e8ed7fd97da	adversarial	3	encrypt	12006	24	4821	LINEARIZABLE	0
833be00fdd64b3b05c0a1cb18cda0e8ed7fd97da	adversarial	3	encrypt	12007	20	4833	LINEARIZABLE	0
833be00fdd64b3b05c0a1cb18cda0e8ed7fd97da	adversarial	3	encrypt	12008	21	4838	LINEARIZABLE	0
833be00fdd64b3b05c0a1cb18cda0e8ed7fd97da	adversarial	3	encrypt	12009	23	4822	LINEARIZABLE	0
833be00fdd64b3b05c0a1cb18cda0e8ed7fd97da	adversarial	3	encrypt	12010	25	4816	LINEARIZABLE	0
833be00fdd64b3b05c0a1cb18cda0e8ed7fd97da	adversarial	3	encrypt	12011	23	4820	LINEARIZABLE	0
833be00fdd64b3b05c0a1cb18cda0e8ed7fd97da	adversarial	3	encrypt	12012	22	4831	LINEARIZABLE	0
833be00fdd64b3b05c0a1cb18cda0e8ed7fd97da	adversarial	3	encrypt	12013	24	4826	LINEARIZABLE	0
833be00fdd64b3b05c0a1cb18cda0e8ed7fd97da	adversarial	3	encrypt	12014	22	4828	LINEARIZABLE	0
833be00fdd64b3b05c0a1cb18cda0e8ed7fd97da	adversarial	3	encrypt	12015	21	4827	LINEARIZABLE	0
833be00fdd64b3b05c0a1cb18cda0e8ed7fd97da	adversarial	3	encrypt	12016	27	4831	LINEARIZABLE	0
833be00fdd64b3b05c0a1cb18cda0e8ed7fd97da	adversarial	3	encrypt	12017	19	4830	LINEARIZABLE	0
833be00fdd64b3b05c0a1cb18cda0e8ed7fd97da	adversarial	3	encrypt	12018	21	4828	LINEARIZABLE	0
833be00fdd64b3b05c0a1cb18cda0e8ed7fd97da	adversarial	3	encrypt	12019	22	4828	LINEARIZABLE	0
833be00fdd64b3b05c0a1cb18cda0e8ed7fd97da	adversarial	3	encrypt	12020	22	4820	LINEARIZABLE	0
833be00fdd64b3b05c0a1cb18cda0e8ed7fd97da	adversarial	3	encrypt	12021	22	4833	LINEARIZABLE	0
833be00fdd64b3b05c0a1cb18cda0e8ed7fd97da	adversarial	3	encrypt	12022	23	4821	LINEARIZABLE	0
833be00fdd64b3b05c0a1cb18cda0e8ed7fd97da	adversarial	3	encrypt	12023	22	4829	LINEARIZABLE	0
833be00fdd64b3b05c0a1cb18cda0e8ed7fd97da	adversarial	3	encrypt	12024	20	4811	LINEARIZABLE	0
833be00fdd64b3b05c0a1cb18cda0e8ed7fd97da	adversarial	3	shards	24000	20	4820	LINEARIZABLE	0
833be00fdd64b3b05c0a1cb18cda0e8ed7fd97da	adversarial	3	shards	24001	20	4827	LINEARIZABLE	0
833be00fdd64b3b05c0a1cb18cda0e8ed7fd97da	adversarial	3	shards	24002	20	4825	LINEARIZABLE	0
833be00fdd64b3b05c0a1cb18cda0e8ed7fd97da	adversarial	3	shards	24003	21	4831	LINEARIZABLE	0
833be00fdd64b3b05c0a1cb18cda0e8ed7fd97da	adversarial	3	shards	24004	22	4837	LINEARIZABLE	0
833be00fdd64b3b05c0a1cb18cda0e8ed7fd97da	adversarial	3	shards	24005	23	4827	LINEARIZABLE	0
833be00fdd64b3b05c0a1cb18cda0e8ed7fd97da	adversarial	3	shards	24006	23	4817	LINEARIZABLE	0
833be00fdd64b3b05c0a1cb18cda0e8ed7fd97da	adversarial	3	shards	24007	23	4813	LINEARIZABLE	0
833be00fdd64b3b05c0a1cb18cda0e8ed7fd97da	adversarial	3	shards	24008	19	4835	LINEARIZABLE	0
833be00fdd64b3b05c0a1cb18cda0e8ed7fd97da	adversarial	3	shards	24009	22	4850	LINEARIZABLE	0
833be00fdd64b3b05c0a1cb18cda0e8ed7fd97da	adversarial	3	shards	24010	22	4836	LINEARIZABLE	0
833be00fdd64b3b05c0a1cb18cda0e8ed7fd97da	adversarial	3	shards	24011	20	4825	LINEARIZABLE	0
833be00fdd64b3b05c0a1cb18cda0e8ed7fd97da	adversarial	3	shards	24012	21	4835	LINEARIZABLE	0
833be00fdd64b3b05c0a1cb18cda0e8ed7fd97da	adversarial	3	shards	24013	21	4834	LINEARIZABLE	0
833be00fdd64b3b05c0a1cb18cda0e8ed7fd97da	adversarial	3	shards	24014	22	4824	LINEARIZABLE	0
833be00fdd64b3b05c0a1cb18cda0e8ed7fd97da	adversarial	3	shards	24015	18	4840	LINEARIZABLE	0
833be00fdd64b3b05c0a1cb18cda0e8ed7fd97da	adversarial	3	shards	24016	21	4830	LINEARIZABLE	0
833be00fdd64b3b05c0a1cb18cda0e8ed7fd97da	adversarial	3	shards	24017	23	4831	LINEARIZABLE	0
833be00fdd64b3b05c0a1cb18cda0e8ed7fd97da	adversarial	3	shards	24018	20	4835	LINEARIZABLE	0
833be00fdd64b3b05c0a1cb18cda0e8ed7fd97da	adversarial	3	shards	24019	23	4833	LINEARIZABLE	0
833be00fdd64b3b05c0a1cb18cda0e8ed7fd97da	adversarial	3	shards	24020	24	4841	LINEARIZABLE	0
833be00fdd64b3b05c0a1cb18cda0e8ed7fd97da	adversarial	3	shards	24021	24	4844	LINEARIZABLE	0
833be00fdd64b3b05c0a1cb18cda0e8ed7fd97da	adversarial	3	shards	24022	26	4823	LINEARIZABLE	0
833be00fdd64b3b05c0a1cb18cda0e8ed7fd97da	adversarial	3	shards	24023	26	4826	LINEARIZABLE	0
833be00fdd64b3b05c0a1cb18cda0e8ed7fd97da	adversarial	3	shards	24024	21	4839	LINEARIZABLE	0
833be00fdd64b3b05c0a1cb18cda0e8ed7fd97da	adversarial	3	skew	20000	21	4833	LINEARIZABLE	0
833be00fdd64b3b05c0a1cb18cda0e8ed7fd97da	adversarial	3	skew	20001	23	4834	LINEARIZABLE	0
833be00fdd64b3b05c0a1cb18cda0e8ed7fd97da	adversarial	3	skew	20002	23	4825	INDETERMINATE	2
833be00fdd64b3b05c0a1cb18cda0e8ed7fd97da	adversarial	3	skew	20003	23	4825	LINEARIZABLE	0
833be00fdd64b3b05c0a1cb18cda0e8ed7fd97da	adversarial	3	skew	20004	21	4835	LINEARIZABLE	0
833be00fdd64b3b05c0a1cb18cda0e8ed7fd97da	adversarial	3	skew	20005	19	4820	LINEARIZABLE	0
833be00fdd64b3b05c0a1cb18cda0e8ed7fd97da	adversarial	3	skew	20006	23	4832	LINEARIZABLE	0
833be00fdd64b3b05c0a1cb18cda0e8ed7fd97da	adversarial	3	skew	20007	22	4811	LINEARIZABLE	0
833be00fdd64b3b05c0a1cb18cda0e8ed7fd97da	adversarial	3	skew	20008	21	4842	LINEARIZABLE	0
833be00fdd64b3b05c0a1cb18cda0e8ed7fd97da	adversarial	3	skew	20009	21	4834	LINEARIZABLE	0
833be00fdd64b3b05c0a1cb18cda0e8ed7fd97da	adversarial	3	skew	20010	22	4841	INDETERMINATE	2
833be00fdd64b3b05c0a1cb18cda0e8ed7fd97da	adversarial	3	skew	20011	17	4833	LINEARIZABLE	0
833be00fdd64b3b05c0a1cb18cda0e8ed7fd97da	adversarial	3	skew	20012	20	4827	LINEARIZABLE	0
833be00fdd64b3b05c0a1cb18cda0e8ed7fd97da	adversarial	3	skew	20013	23	4836	LINEARIZABLE	0
833be00fdd64b3b05c0a1cb18cda0e8ed7fd97da	adversarial	3	skew	20014	21	4829	LINEARIZABLE	0
833be00fdd64b3b05c0a1cb18cda0e8ed7fd97da	adversarial	3	skew	20015	22	4841	LINEARIZABLE	0
833be00fdd64b3b05c0a1cb18cda0e8ed7fd97da	adversarial	3	skew	20016	20	4837	LINEARIZABLE	0
833be00fdd64b3b05c0a1cb18cda0e8ed7fd97da	adversarial	3	skew	20017	22	4824	LINEARIZABLE	0
833be00fdd64b3b05c0a1cb18cda0e8ed7fd97da	adversarial	3	skew	20018	19	4828	LINEARIZABLE	0
833be00fdd64b3b05c0a1cb18cda0e8ed7fd97da	adversarial	3	skew	20019	18	4835	LINEARIZABLE	0
833be00fdd64b3b05c0a1cb18cda0e8ed7fd97da	adversarial	3	skew	20020	21	4833	INDETERMINATE	2
833be00fdd64b3b05c0a1cb18cda0e8ed7fd97da	adversarial	3	skew	20021	20	4815	NONE	124
833be00fdd64b3b05c0a1cb18cda0e8ed7fd97da	adversarial	3	skew	20022	21	4828	INDETERMINATE	2
833be00fdd64b3b05c0a1cb18cda0e8ed7fd97da	adversarial	3	skew	20023	20	4840	LINEARIZABLE	0
833be00fdd64b3b05c0a1cb18cda0e8ed7fd97da	adversarial	3	skew	20024	24	4839	LINEARIZABLE	0
833be00fdd64b3b05c0a1cb18cda0e8ed7fd97da	adversarial	5	auth	16000	26	4820	LINEARIZABLE	0
833be00fdd64b3b05c0a1cb18cda0e8ed7fd97da	adversarial	5	auth	16001	33	4823	LINEARIZABLE	0
833be00fdd64b3b05c0a1cb18cda0e8ed7fd97da	adversarial	5	auth	16002	30	4835	LINEARIZABLE	0
833be00fdd64b3b05c0a1cb18cda0e8ed7fd97da	adversarial	5	auth	16003	24	4801	LINEARIZABLE	0
833be00fdd64b3b05c0a1cb18cda0e8ed7fd97da	adversarial	5	auth	16004	27	4822	LINEARIZABLE	0
833be00fdd64b3b05c0a1cb18cda0e8ed7fd97da	adversarial	5	auth	16005	29	4817	LINEARIZABLE	0
833be00fdd64b3b05c0a1cb18cda0e8ed7fd97da	adversarial	5	auth	16006	31	4823	LINEARIZABLE	0
833be00fdd64b3b05c0a1cb18cda0e8ed7fd97da	adversarial	5	auth	16007	29	4836	LINEARIZABLE	0
833be00fdd64b3b05c0a1cb18cda0e8ed7fd97da	adversarial	5	auth	16008	28	4855	LINEARIZABLE	0
833be00fdd64b3b05c0a1cb18cda0e8ed7fd97da	adversarial	5	auth	16009	34	4851	LINEARIZABLE	0
833be00fdd64b3b05c0a1cb18cda0e8ed7fd97da	adversarial	5	auth	16010	29	4814	LINEARIZABLE	0
833be00fdd64b3b05c0a1cb18cda0e8ed7fd97da	adversarial	5	auth	16011	29	4827	LINEARIZABLE	0
833be00fdd64b3b05c0a1cb18cda0e8ed7fd97da	adversarial	5	auth	16012	33	4838	LINEARIZABLE	0
833be00fdd64b3b05c0a1cb18cda0e8ed7fd97da	adversarial	5	auth	16013	27	4828	LINEARIZABLE	0
833be00fdd64b3b05c0a1cb18cda0e8ed7fd97da	adversarial	5	auth	16014	29	4837	LINEARIZABLE	0
833be00fdd64b3b05c0a1cb18cda0e8ed7fd97da	adversarial	5	auth	16015	31	4825	LINEARIZABLE	0
833be00fdd64b3b05c0a1cb18cda0e8ed7fd97da	adversarial	5	auth	16016	31	4838	LINEARIZABLE	0
833be00fdd64b3b05c0a1cb18cda0e8ed7fd97da	adversarial	5	auth	16017	28	4826	LINEARIZABLE	0
833be00fdd64b3b05c0a1cb18cda0e8ed7fd97da	adversarial	5	auth	16018	29	4813	LINEARIZABLE	0
833be00fdd64b3b05c0a1cb18cda0e8ed7fd97da	adversarial	5	auth	16019	30	4834	LINEARIZABLE	0
833be00fdd64b3b05c0a1cb18cda0e8ed7fd97da	adversarial	5	auth	16020	27	4837	LINEARIZABLE	0
833be00fdd64b3b05c0a1cb18cda0e8ed7fd97da	adversarial	5	auth	16021	31	4829	LINEARIZABLE	0
833be00fdd64b3b05c0a1cb18cda0e8ed7fd97da	adversarial	5	auth	16022	28	4824	LINEARIZABLE	0
833be00fdd64b3b05c0a1cb18cda0e8ed7fd97da	adversarial	5	auth	16023	25	4833	LINEARIZABLE	0
833be00fdd64b3b05c0a1cb18cda0e8ed7fd97da	adversarial	5	auth	16024	30	4821	LINEARIZABLE	0
833be00fdd64b3b05c0a1cb18cda0e8ed7fd97da	adversarial	5	base	8000	30	4839	LINEARIZABLE	0
833be00fdd64b3b05c0a1cb18cda0e8ed7fd97da	adversarial	5	base	8001	30	4823	LINEARIZABLE	0
833be00fdd64b3b05c0a1cb18cda0e8ed7fd97da	adversarial	5	base	8002	29	4831	LINEARIZABLE	0
833be00fdd64b3b05c0a1cb18cda0e8ed7fd97da	adversarial	5	base	8003	30	4838	LINEARIZABLE	0
833be00fdd64b3b05c0a1cb18cda0e8ed7fd97da	adversarial	5	base	8004	27	4839	LINEARIZABLE	0
833be00fdd64b3b05c0a1cb18cda0e8ed7fd97da	adversarial	5	base	8005	26	4842	LINEARIZABLE	0
833be00fdd64b3b05c0a1cb18cda0e8ed7fd97da	adversarial	5	base	8006	29	4850	LINEARIZABLE	0
833be00fdd64b3b05c0a1cb18cda0e8ed7fd97da	adversarial	5	base	8007	32	4829	LINEARIZABLE	0
833be00fdd64b3b05c0a1cb18cda0e8ed7fd97da	adversarial	5	base	8008	30	4834	LINEARIZABLE	0
833be00fdd64b3b05c0a1cb18cda0e8ed7fd97da	adversarial	5	base	8009	32	4844	LINEARIZABLE	0
833be00fdd64b3b05c0a1cb18cda0e8ed7fd97da	adversarial	5	base	8010	28	4831	LINEARIZABLE	0
833be00fdd64b3b05c0a1cb18cda0e8ed7fd97da	adversarial	5	base	8011	28	4814	LINEARIZABLE	0
833be00fdd64b3b05c0a1cb18cda0e8ed7fd97da	adversarial	5	base	8012	27	4822	LINEARIZABLE	0
833be00fdd64b3b05c0a1cb18cda0e8ed7fd97da	adversarial	5	base	8013	27	4812	LINEARIZABLE	0
833be00fdd64b3b05c0a1cb18cda0e8ed7fd97da	adversarial	5	base	8014	32	4846	LINEARIZABLE	0
833be00fdd64b3b05c0a1cb18cda0e8ed7fd97da	adversarial	5	base	8015	26	4824	LINEARIZABLE	0
833be00fdd64b3b05c0a1cb18cda0e8ed7fd97da	adversarial	5	base	8016	32	4840	LINEARIZABLE	0
833be00fdd64b3b05c0a1cb18cda0e8ed7fd97da	adversarial	5	base	8017	28	4848	LINEARIZABLE	0
833be00fdd64b3b05c0a1cb18cda0e8ed7fd97da	adversarial	5	base	8018	27	4819	LINEARIZABLE	0
833be00fdd64b3b05c0a1cb18cda0e8ed7fd97da	adversarial	5	base	8019	29	4827	LINEARIZABLE	0
833be00fdd64b3b05c0a1cb18cda0e8ed7fd97da	adversarial	5	base	8020	34	4834	LINEARIZABLE	0
833be00fdd64b3b05c0a1cb18cda0e8ed7fd97da	adversarial	5	base	8021	32	4829	LINEARIZABLE	0
833be00fdd64b3b05c0a1cb18cda0e8ed7fd97da	adversarial	5	base	8022	29	4829	LINEARIZABLE	0
833be00fdd64b3b05c0a1cb18cda0e8ed7fd97da	adversarial	5	base	8023	30	4828	LINEARIZABLE	0
833be00fdd64b3b05c0a1cb18cda0e8ed7fd97da	adversarial	5	base	8024	31	4817	LINEARIZABLE	0
833be00fdd64b3b05c0a1cb18cda0e8ed7fd97da	adversarial	5	encrypt	12000	28	4814	LINEARIZABLE	0
833be00fdd64b3b05c0a1cb18cda0e8ed7fd97da	adversarial	5	encrypt	12001	27	4838	LINEARIZABLE	0
833be00fdd64b3b05c0a1cb18cda0e8ed7fd97da	adversarial	5	encrypt	12002	26	4816	LINEARIZABLE	0
833be00fdd64b3b05c0a1cb18cda0e8ed7fd97da	adversarial	5	encrypt	12003	26	4838	LINEARIZABLE	0
833be00fdd64b3b05c0a1cb18cda0e8ed7fd97da	adversarial	5	encrypt	12004	32	4821	LINEARIZABLE	0
833be00fdd64b3b05c0a1cb18cda0e8ed7fd97da	adversarial	5	encrypt	12005	23	4839	LINEARIZABLE	0
833be00fdd64b3b05c0a1cb18cda0e8ed7fd97da	adversarial	5	encrypt	12006	32	4821	LINEARIZABLE	0
833be00fdd64b3b05c0a1cb18cda0e8ed7fd97da	adversarial	5	encrypt	12007	28	4833	LINEARIZABLE	0
833be00fdd64b3b05c0a1cb18cda0e8ed7fd97da	adversarial	5	encrypt	12008	30	4838	LINEARIZABLE	0
833be00fdd64b3b05c0a1cb18cda0e8ed7fd97da	adversarial	5	encrypt	12009	29	4822	LINEARIZABLE	0
833be00fdd64b3b05c0a1cb18cda0e8ed7fd97da	adversarial	5	encrypt	12010	32	4816	LINEARIZABLE	0
833be00fdd64b3b05c0a1cb18cda0e8ed7fd97da	adversarial	5	encrypt	12011	33	4820	LINEARIZABLE	0
833be00fdd64b3b05c0a1cb18cda0e8ed7fd97da	adversarial	5	encrypt	12012	23	4831	LINEARIZABLE	0
833be00fdd64b3b05c0a1cb18cda0e8ed7fd97da	adversarial	5	encrypt	12013	31	4826	LINEARIZABLE	0
833be00fdd64b3b05c0a1cb18cda0e8ed7fd97da	adversarial	5	encrypt	12014	31	4828	LINEARIZABLE	0
833be00fdd64b3b05c0a1cb18cda0e8ed7fd97da	adversarial	5	encrypt	12015	31	4827	LINEARIZABLE	0
833be00fdd64b3b05c0a1cb18cda0e8ed7fd97da	adversarial	5	encrypt	12016	27	4831	LINEARIZABLE	0
833be00fdd64b3b05c0a1cb18cda0e8ed7fd97da	adversarial	5	encrypt	12017	33	4830	LINEARIZABLE	0
833be00fdd64b3b05c0a1cb18cda0e8ed7fd97da	adversarial	5	encrypt	12018	28	4828	LINEARIZABLE	0
833be00fdd64b3b05c0a1cb18cda0e8ed7fd97da	adversarial	5	encrypt	12019	25	4828	LINEARIZABLE	0
833be00fdd64b3b05c0a1cb18cda0e8ed7fd97da	adversarial	5	encrypt	12020	28	4820	LINEARIZABLE	0
833be00fdd64b3b05c0a1cb18cda0e8ed7fd97da	adversarial	5	encrypt	12021	35	4833	LINEARIZABLE	0
833be00fdd64b3b05c0a1cb18cda0e8ed7fd97da	adversarial	5	encrypt	12022	25	4821	LINEARIZABLE	0
833be00fdd64b3b05c0a1cb18cda0e8ed7fd97da	adversarial	5	encrypt	12023	30	4829	LINEARIZABLE	0
833be00fdd64b3b05c0a1cb18cda0e8ed7fd97da	adversarial	5	encrypt	12024	33	4811	LINEARIZABLE	0
833be00fdd64b3b05c0a1cb18cda0e8ed7fd97da	adversarial	5	shards	24000	28	4820	LINEARIZABLE	0
833be00fdd64b3b05c0a1cb18cda0e8ed7fd97da	adversarial	5	shards	24001	28	4827	LINEARIZABLE	0
833be00fdd64b3b05c0a1cb18cda0e8ed7fd97da	adversarial	5	shards	24002	26	4825	LINEARIZABLE	0
833be00fdd64b3b05c0a1cb18cda0e8ed7fd97da	adversarial	5	shards	24003	29	4831	LINEARIZABLE	0
833be00fdd64b3b05c0a1cb18cda0e8ed7fd97da	adversarial	5	shards	24004	30	4837	LINEARIZABLE	0
833be00fdd64b3b05c0a1cb18cda0e8ed7fd97da	adversarial	5	shards	24005	29	4827	LINEARIZABLE	0
833be00fdd64b3b05c0a1cb18cda0e8ed7fd97da	adversarial	5	shards	24006	31	4817	LINEARIZABLE	0
833be00fdd64b3b05c0a1cb18cda0e8ed7fd97da	adversarial	5	shards	24007	31	4813	LINEARIZABLE	0
833be00fdd64b3b05c0a1cb18cda0e8ed7fd97da	adversarial	5	shards	24008	32	4835	LINEARIZABLE	0
833be00fdd64b3b05c0a1cb18cda0e8ed7fd97da	adversarial	5	shards	24009	35	4850	LINEARIZABLE	0
833be00fdd64b3b05c0a1cb18cda0e8ed7fd97da	adversarial	5	shards	24010	30	4836	LINEARIZABLE	0
833be00fdd64b3b05c0a1cb18cda0e8ed7fd97da	adversarial	5	shards	24011	27	4825	LINEARIZABLE	0
833be00fdd64b3b05c0a1cb18cda0e8ed7fd97da	adversarial	5	shards	24012	27	4835	LINEARIZABLE	0
833be00fdd64b3b05c0a1cb18cda0e8ed7fd97da	adversarial	5	shards	24013	31	4834	LINEARIZABLE	0
833be00fdd64b3b05c0a1cb18cda0e8ed7fd97da	adversarial	5	shards	24014	24	4824	LINEARIZABLE	0
833be00fdd64b3b05c0a1cb18cda0e8ed7fd97da	adversarial	5	shards	24015	34	4840	LINEARIZABLE	0
833be00fdd64b3b05c0a1cb18cda0e8ed7fd97da	adversarial	5	shards	24016	28	4830	LINEARIZABLE	0
833be00fdd64b3b05c0a1cb18cda0e8ed7fd97da	adversarial	5	shards	24017	31	4831	LINEARIZABLE	0
833be00fdd64b3b05c0a1cb18cda0e8ed7fd97da	adversarial	5	shards	24018	29	4835	LINEARIZABLE	0
833be00fdd64b3b05c0a1cb18cda0e8ed7fd97da	adversarial	5	shards	24019	31	4833	LINEARIZABLE	0
833be00fdd64b3b05c0a1cb18cda0e8ed7fd97da	adversarial	5	shards	24020	30	4841	LINEARIZABLE	0
833be00fdd64b3b05c0a1cb18cda0e8ed7fd97da	adversarial	5	shards	24021	25	4844	LINEARIZABLE	0
833be00fdd64b3b05c0a1cb18cda0e8ed7fd97da	adversarial	5	shards	24022	29	4823	LINEARIZABLE	0
833be00fdd64b3b05c0a1cb18cda0e8ed7fd97da	adversarial	5	shards	24023	30	4826	LINEARIZABLE	0
833be00fdd64b3b05c0a1cb18cda0e8ed7fd97da	adversarial	5	shards	24024	27	4839	LINEARIZABLE	0
833be00fdd64b3b05c0a1cb18cda0e8ed7fd97da	adversarial	5	skew	20000	25	4833	LINEARIZABLE	0
833be00fdd64b3b05c0a1cb18cda0e8ed7fd97da	adversarial	5	skew	20001	37	4834	NONE	137
833be00fdd64b3b05c0a1cb18cda0e8ed7fd97da	adversarial	5	skew	20002	26	4825	LINEARIZABLE	0
833be00fdd64b3b05c0a1cb18cda0e8ed7fd97da	adversarial	5	skew	20003	30	4825	LINEARIZABLE	0
833be00fdd64b3b05c0a1cb18cda0e8ed7fd97da	adversarial	5	skew	20004	24	4835	LINEARIZABLE	0
833be00fdd64b3b05c0a1cb18cda0e8ed7fd97da	adversarial	5	skew	20005	27	4820	NONE	137
833be00fdd64b3b05c0a1cb18cda0e8ed7fd97da	adversarial	5	skew	20006	29	4832	LINEARIZABLE	0
833be00fdd64b3b05c0a1cb18cda0e8ed7fd97da	adversarial	5	skew	20007	28	4811	LINEARIZABLE	0
833be00fdd64b3b05c0a1cb18cda0e8ed7fd97da	adversarial	5	skew	20008	32	4842	LINEARIZABLE	0
833be00fdd64b3b05c0a1cb18cda0e8ed7fd97da	adversarial	5	skew	20009	34	4834	LINEARIZABLE	0
833be00fdd64b3b05c0a1cb18cda0e8ed7fd97da	adversarial	5	skew	20010	28	4841	LINEARIZABLE	0
833be00fdd64b3b05c0a1cb18cda0e8ed7fd97da	adversarial	5	skew	20011	26	4833	LINEARIZABLE	0
833be00fdd64b3b05c0a1cb18cda0e8ed7fd97da	adversarial	5	skew	20012	31	4827	LINEARIZABLE	0
833be00fdd64b3b05c0a1cb18cda0e8ed7fd97da	adversarial	5	skew	20013	30	4836	LINEARIZABLE	0
833be00fdd64b3b05c0a1cb18cda0e8ed7fd97da	adversarial	5	skew	20014	24	4829	LINEARIZABLE	0
833be00fdd64b3b05c0a1cb18cda0e8ed7fd97da	adversarial	5	skew	20015	29	4841	LINEARIZABLE	0
833be00fdd64b3b05c0a1cb18cda0e8ed7fd97da	adversarial	5	skew	20016	24	4837	LINEARIZABLE	0
833be00fdd64b3b05c0a1cb18cda0e8ed7fd97da	adversarial	5	skew	20017	27	4824	LINEARIZABLE	0
833be00fdd64b3b05c0a1cb18cda0e8ed7fd97da	adversarial	5	skew	20018	31	4828	NONE	137
833be00fdd64b3b05c0a1cb18cda0e8ed7fd97da	adversarial	5	skew	20019	29	4835	LINEARIZABLE	0
833be00fdd64b3b05c0a1cb18cda0e8ed7fd97da	adversarial	5	skew	20020	32	4833	LINEARIZABLE	0
833be00fdd64b3b05c0a1cb18cda0e8ed7fd97da	adversarial	5	skew	20021	32	4815	LINEARIZABLE	0
833be00fdd64b3b05c0a1cb18cda0e8ed7fd97da	adversarial	5	skew	20022	29	4828	LINEARIZABLE	0
833be00fdd64b3b05c0a1cb18cda0e8ed7fd97da	adversarial	5	skew	20023	28	4840	LINEARIZABLE	0
833be00fdd64b3b05c0a1cb18cda0e8ed7fd97da	adversarial	5	skew	20024	27	4839	LINEARIZABLE	0
833be00fdd64b3b05c0a1cb18cda0e8ed7fd97da	sequential	3	base	30000	6	1609	LINEARIZABLE	0
833be00fdd64b3b05c0a1cb18cda0e8ed7fd97da	sequential	3	base	30001	6	1604	LINEARIZABLE	0
833be00fdd64b3b05c0a1cb18cda0e8ed7fd97da	sequential	3	base	30002	6	1602	LINEARIZABLE	0
833be00fdd64b3b05c0a1cb18cda0e8ed7fd97da	sequential	3	base	30003	6	1601	LINEARIZABLE	0
833be00fdd64b3b05c0a1cb18cda0e8ed7fd97da	sequential	3	base	30004	6	1605	LINEARIZABLE	0
833be00fdd64b3b05c0a1cb18cda0e8ed7fd97da	sequential	3	base	30005	6	1607	LINEARIZABLE	0
833be00fdd64b3b05c0a1cb18cda0e8ed7fd97da	sequential	3	base	30006	6	1605	LINEARIZABLE	0
833be00fdd64b3b05c0a1cb18cda0e8ed7fd97da	sequential	3	base	30007	6	1599	LINEARIZABLE	0
833be00fdd64b3b05c0a1cb18cda0e8ed7fd97da	sequential	3	base	30008	7	1605	LINEARIZABLE	0
833be00fdd64b3b05c0a1cb18cda0e8ed7fd97da	sequential	3	base	30009	6	1615	LINEARIZABLE	0
833be00fdd64b3b05c0a1cb18cda0e8ed7fd97da	sequential	5	base	30000	6	1609	LINEARIZABLE	0
833be00fdd64b3b05c0a1cb18cda0e8ed7fd97da	sequential	5	base	30001	6	1604	LINEARIZABLE	0
833be00fdd64b3b05c0a1cb18cda0e8ed7fd97da	sequential	5	base	30002	6	1602	LINEARIZABLE	0
833be00fdd64b3b05c0a1cb18cda0e8ed7fd97da	sequential	5	base	30003	6	1601	LINEARIZABLE	0
833be00fdd64b3b05c0a1cb18cda0e8ed7fd97da	sequential	5	base	30004	6	1605	LINEARIZABLE	0
833be00fdd64b3b05c0a1cb18cda0e8ed7fd97da	sequential	5	base	30005	6	1607	LINEARIZABLE	0
833be00fdd64b3b05c0a1cb18cda0e8ed7fd97da	sequential	5	base	30006	6	1605	LINEARIZABLE	0
833be00fdd64b3b05c0a1cb18cda0e8ed7fd97da	sequential	5	base	30007	6	1599	LINEARIZABLE	0
833be00fdd64b3b05c0a1cb18cda0e8ed7fd97da	sequential	5	base	30008	7	1605	LINEARIZABLE	0
833be00fdd64b3b05c0a1cb18cda0e8ed7fd97da	sequential	5	base	30009	6	1615	LINEARIZABLE	0
